sample_index,true_value,predicted_value,error_pred_minus_true,absolute_error,squared_error
0,0.9923660159111023,0.9551090598106384,-0.03725695610046387,0.03725695610046387,0.0013880807778718918
1,0.5737519860267639,0.5729091167449951,-0.0008428692817687988,0.0008428692817687988,7.104286261494508e-07
2,0.9182509779930115,0.9588268995285034,0.04057592153549194,0.04057592153549194,0.0016464054084543989
3,0.905875027179718,0.9025174975395203,-0.003357529640197754,0.003357529640197754,1.1273005284806459e-05
4,0.7334579825401306,0.9416301846504211,0.20817220211029053,0.20817220211029053,0.04333566573144765
5,0.630765974521637,0.7827387452125549,0.15197277069091797,0.15197277069091797,0.023095723031474336
6,1.0493700504302979,0.9336815476417542,-0.1156885027885437,0.1156885027885437,0.013383829677454884
7,0.7711150050163269,0.7721580862998962,0.001043081283569336,0.001043081283569336,1.0880185641326534e-06
8,0.877784013748169,0.9027013182640076,0.024917304515838623,0.024917304515838623,0.0006208720643350318
9,0.9683690071105957,0.9409450888633728,-0.0274239182472229,0.0274239182472229,0.0007520712920303652
10,1.2303199768066406,0.9609022736549377,-0.2694177031517029,0.2694177031517029,0.07258589877153909
11,0.6308900117874146,0.851487934589386,0.22059792280197144,0.22059792280197144,0.04866344354454455
12,1.1199300289154053,0.9294633865356445,-0.19046664237976074,0.19046664237976074,0.03627754185941967
13,0.7278119921684265,0.9855815172195435,0.25776952505111694,0.25776952505111694,0.0664451280450784
14,0.8497719764709473,0.8989323973655701,0.0491604208946228,0.0491604208946228,0.0024167469825364662
15,0.9142429828643799,0.8454269170761108,-0.06881606578826904,0.06881606578826904,0.004735650910575373
16,0.8797140121459961,0.692191481590271,-0.1875225305557251,0.1875225305557251,0.03516469946602285
17,0.5736709833145142,0.7019783854484558,0.12830740213394165,0.12830740213394165,0.016462789442361014
18,0.6312749981880188,0.7496379613876343,0.11836296319961548,0.11836296319961548,0.014009791057393528
19,0.5522469878196716,0.6515432596206665,0.09929627180099487,0.09929627180099487,0.00985974959357705
20,1.4125299453735352,0.9481847286224365,-0.46434521675109863,0.46434521675109863,0.21561648031962477
21,0.8347150087356567,0.9261583089828491,0.09144330024719238,0.09144330024719238,0.008361877160098174
22,1.005929946899414,0.7996683120727539,-0.20626163482666016,0.20626163482666016,0.042543862001366506
23,0.9883480072021484,0.8031110763549805,-0.18523693084716797,0.18523693084716797,0.03431272054967849
24,0.8877779841423035,0.9447535276412964,0.05697554349899292,0.05697554349899292,0.0032462125570056344
25,0.718455970287323,0.7496230602264404,0.03116708993911743,0.03116708993911743,0.000971387495273035
26,0.9400950074195862,0.9411216974258423,0.0010266900062561035,0.0010266900062561035,1.0540923689461579e-06
27,0.8743240237236023,0.6952780485153198,-0.17904597520828247,0.17904597520828247,0.0320574612382849
28,0.7478029727935791,0.9635465145111084,0.2157435417175293,0.2157435417175293,0.046545275792823304
29,0.751891016960144,0.8434494733810425,0.09155845642089844,0.09155845642089844,0.008382950942177558
30,1.0148199796676636,0.8881802558898926,-0.126639723777771,0.126639723777771,0.016037619638510137
31,0.8235679864883423,0.7782972455024719,-0.04527074098587036,0.04527074098587036,0.0020494399894097626
32,0.9671059846878052,0.7941856384277344,-0.1729203462600708,0.1729203462600708,0.029901446150702782
33,0.9092550277709961,0.7692232131958008,-0.1400318145751953,0.1400318145751953,0.019608909093221882
34,1.0332900285720825,0.905164361000061,-0.12812566757202148,0.12812566757202148,0.016416186690776158
35,0.9430750012397766,0.8790207505226135,-0.06405425071716309,0.06405425071716309,0.004102947034937188
36,0.839514970779419,0.801533579826355,-0.037981390953063965,0.037981390953063965,0.0014425860587294892
37,0.9111769795417786,0.8919779658317566,-0.019199013710021973,0.019199013710021973,0.00036860212743761167
38,0.8903689980506897,0.8904803395271301,0.00011134147644042969,0.00011134147644042969,1.2396924375934759e-08
39,0.7815080285072327,0.9383018016815186,0.1567937731742859,0.1567937731742859,0.024584287306229413
40,0.531853973865509,0.5770239233970642,0.045169949531555176,0.045169949531555176,0.0020403243406832416
41,0.9128580093383789,0.7752469778060913,-0.1376110315322876,0.1376110315322876,0.01893679599938025
42,0.665386974811554,0.9250307679176331,0.2596437931060791,0.2596437931060791,0.06741489929851241
43,1.0415300130844116,0.850557804107666,-0.1909722089767456,0.1909722089767456,0.036470384601457795
44,1.0013400316238403,0.9397385120391846,-0.06160151958465576,0.06160151958465576,0.0037947472151387274
45,0.5861309766769409,0.7226026654243469,0.136471688747406,0.136471688747406,0.018624521829568863
46,1.2952500581741333,0.7906445264816284,-0.5046055316925049,0.5046055316925049,0.25462674261467555
47,0.8247609734535217,0.8135548233985901,-0.01120615005493164,0.01120615005493164,0.0001255777990536444
48,0.8392680287361145,0.7903743982315063,-0.048893630504608154,0.048893630504608154,0.002390587103921149
49,0.9145789742469788,0.8463398218154907,-0.06823915243148804,0.06823915243148804,0.00465658192456786
50,0.7931029796600342,0.9266101717948914,0.13350719213485718,0.13350719213485718,0.01782417035173367
51,0.7919589877128601,0.7191426753997803,-0.07281631231307983,0.07281631231307983,0.005302215338875982
52,0.8163869976997375,0.6231566667556763,-0.19323033094406128,0.19323033094406128,0.037337960796751446
53,0.9537879824638367,0.9281498193740845,-0.025638163089752197,0.025638163089752197,0.0006573154066167319
54,1.0230300426483154,0.7552005648612976,-0.2678294777870178,0.2678294777870178,0.07173262917166667
55,0.813772976398468,0.9247537851333618,0.1109808087348938,0.1109808087348938,0.01231673990745108
56,0.8306840062141418,0.9241819381713867,0.09349793195724487,0.09349793195724487,0.008741863280281592
57,0.6013169884681702,0.6981717348098755,0.09685474634170532,0.09685474634170532,0.00938084188891608
58,0.5463070273399353,0.8821980357170105,0.3358910083770752,0.3358910083770752,0.1128227695085684
59,0.807437002658844,0.9280118346214294,0.12057483196258545,0.12057483196258545,0.014538290102805718
60,0.5838760137557983,0.7336316108703613,0.149755597114563,0.149755597114563,0.022426738867139306
61,0.7362170219421387,0.6755015254020691,-0.06071549654006958,0.06071549654006958,0.003686371520107201
62,0.9293879866600037,0.9529793858528137,0.02359139919281006,0.02359139919281006,0.0005565541158745191
63,0.779250979423523,0.7115198373794556,-0.06773114204406738,0.06773114204406738,0.004587507602593632
64,0.9023540019989014,0.8934628367424011,-0.008891165256500244,0.008891165256500244,7.905281961839705e-05
65,0.9594579935073853,0.9257071018218994,-0.03375089168548584,0.03375089168548584,0.0011391226895653972
66,0.8443620204925537,0.8106147646903992,-0.03374725580215454,0.03374725580215454,0.0011388772741760533
67,0.8727819919586182,0.8803202509880066,0.007538259029388428,0.007538259029388428,5.682534919415616e-05
68,0.6319500207901001,0.928181529045105,0.2962315082550049,0.2962315082550049,0.08775310648303503
69,1.0433800220489502,0.9437588453292847,-0.09962117671966553,0.09962117671966553,0.009924378851010829
70,0.7738270163536072,0.8206813335418701,0.04685431718826294,0.04685431718826294,0.002195327039178352
71,0.5976240038871765,0.731376588344574,0.13375258445739746,0.13375258445739746,0.01788975384903324
72,0.8059689998626709,0.9179370403289795,0.1119680404663086,0.1119680404663086,0.012536842085864919
73,0.5732960104942322,0.6637293696403503,0.09043335914611816,0.09043335914611816,0.008178192446450794
74,0.8992980122566223,0.9490282535552979,0.04973024129867554,0.04973024129867554,0.002473096899624494
75,0.857574999332428,0.7626293897628784,-0.09494560956954956,0.09494560956954956,0.009014668776533341
76,0.9231839776039124,0.9257833361625671,0.002599358558654785,0.002599358558654785,6.756664916451882e-06
77,0.8746209740638733,0.8429786562919617,-0.03164231777191162,0.03164231777191162,0.001001236273978634
78,0.8233019709587097,0.8067355155944824,-0.016566455364227295,0.016566455364227295,0.0002744474433349353
79,0.7332860231399536,0.7457348108291626,0.012448787689208984,0.012448787689208984,0.00015497231493100116
80,0.7739800214767456,0.9508090615272522,0.1768290400505066,0.1768290400505066,0.031268509405183664
81,0.8493419885635376,0.9404202699661255,0.09107828140258789,0.09107828140258789,0.008295253343248987
82,0.8090280294418335,0.9256003499031067,0.1165723204612732,0.1165723204612732,0.013589105897725773
83,0.606328010559082,0.6180924773216248,0.011764466762542725,0.011764466762542725,0.0001384026782069725
84,0.6981549859046936,0.7694595456123352,0.0713045597076416,0.0713045597076416,0.005084340235100626
85,0.8193359971046448,0.8998708724975586,0.08053487539291382,0.08053487539291382,0.006485866154552156
86,1.2352399826049805,0.9098541140556335,-0.3253858685493469,0.3253858685493469,0.10587596345161288
87,0.8705229759216309,0.7838587164878845,-0.08666425943374634,0.08666425943374634,0.007510693863199691
88,0.7536200284957886,0.9215131998062134,0.1678931713104248,0.1678931713104248,0.02818811697267165
89,0.5285090208053589,0.6407797932624817,0.1122707724571228,0.1122707724571228,0.012604726348119044
90,0.6787760257720947,0.7588750720024109,0.08009904623031616,0.08009904623031616,0.006415857207006326
91,1.1175999641418457,0.7760518789291382,-0.3415480852127075,0.3415480852127075,0.11665509451246692
92,0.6437640190124512,0.7796534895896912,0.13588947057724,0.13588947057724,0.018465948213762573
93,0.6549090147018433,0.7842720150947571,0.12936300039291382,0.12936300039291382,0.01673478587065702
94,0.7663909792900085,0.6404514908790588,-0.1259394884109497,0.1259394884109497,0.015860754741211736
95,0.7486810088157654,0.6246029138565063,-0.12407809495925903,0.12407809495925903,0.015395373648718902
96,1.2223999500274658,0.9500085711479187,-0.2723913788795471,0.2723913788795471,0.07419706328790099
97,0.5442079901695251,0.6820452213287354,0.1378372311592102,0.1378372311592102,0.01899910229363755
98,0.9086629748344421,0.8872635960578918,-0.021399378776550293,0.021399378776550293,0.0004579334120222711
99,0.7242149710655212,0.9118101000785828,0.18759512901306152,0.18759512901306152,0.0351919324294272
100,0.8433259725570679,0.8365693092346191,-0.0067566633224487305,0.0067566633224487305,4.565249925292392e-05
101,0.9279199838638306,0.9740117788314819,0.04609179496765137,0.04609179496765137,0.002124453563340012
102,0.6166750192642212,0.8037334680557251,0.1870584487915039,0.1870584487915039,0.03499086326428369
103,0.7395939826965332,0.6391112804412842,-0.10048270225524902,0.10048270225524902,0.010096773452517027
104,0.7501339912414551,0.8471468687057495,0.09701287746429443,0.09701287746429443,0.009411498393902207
105,0.8477569818496704,0.8376376032829285,-0.010119378566741943,0.010119378566741943,0.00010240182257703623
106,0.6444010138511658,0.790231466293335,0.1458304524421692,0.1458304524421692,0.02126652085948777
107,0.8679270148277283,0.7259703278541565,-0.14195668697357178,0.14195668697357178,0.020151700976512643
108,0.6814020276069641,0.7284592390060425,0.04705721139907837,0.04705721139907837,0.002214381144657551
109,0.7615919709205627,0.724746584892273,-0.036845386028289795,0.036845386028289795,0.0013575824715736928
110,1.1628899574279785,0.75702303647995,-0.40586692094802856,0.40586692094802856,0.16472795751983327
111,0.9737570285797119,0.7749927043914795,-0.19876432418823242,0.19876432418823242,0.039507256570004756
112,0.8330510258674622,0.7909895777702332,-0.042061448097229004,0.042061448097229004,0.0017691654160358894
113,0.8230689764022827,0.8866571187973022,0.06358814239501953,0.06358814239501953,0.00404345185324928
114,1.355430006980896,0.9358363151550293,-0.4195936918258667,0.4195936918258667,0.1760588662200604
115,1.0097899436950684,0.8561075329780579,-0.1536824107170105,0.1536824107170105,0.023618283363791903
116,0.7833260297775269,0.6559845209121704,-0.12734150886535645,0.12734150886535645,0.016215859880105654
117,0.779770016670227,0.7683683037757874,-0.011401712894439697,0.011401712894439697,0.00012999905692723246
118,0.7482200264930725,0.7244123220443726,-0.02380770444869995,0.02380770444869995,0.0005668067911166474
119,0.8653159737586975,0.6795814633369446,-0.18573451042175293,0.18573451042175293,0.03449730836160825
120,0.9202010035514832,0.9258149862289429,0.005613982677459717,0.005613982677459717,3.151680150281777e-05
121,1.0450999736785889,0.8983778357505798,-0.14672213792800903,0.14672213792800903,0.021527385758165707
122,0.6886720061302185,0.7661688327789307,0.07749682664871216,0.07749682664871216,0.006005758140620543
123,0.7784669995307922,0.784692645072937,0.006225645542144775,0.006225645542144775,3.8758662416427114e-05
124,0.8428840041160583,0.9378780722618103,0.09499406814575195,0.09499406814575195,0.009023872982879766
125,0.9313859939575195,0.8759651780128479,-0.05542081594467163,0.05542081594467163,0.0030714668399731693
126,0.8288099765777588,0.8270891308784485,-0.0017208456993103027,0.0017208456993103027,2.961309920834765e-06
127,0.871783971786499,0.8405203223228455,-0.031263649463653564,0.031263649463653564,0.0009774157777862058
128,0.6279879808425903,0.8166685104370117,0.1886805295944214,0.1886805295944214,0.035600342248031325
129,0.8465139865875244,0.9163732528686523,0.06985926628112793,0.06985926628112793,0.004880317085337538
130,1.0202800035476685,0.8240096569061279,-0.19627034664154053,0.19627034664154053,0.03852204897079048
131,0.6929240226745605,0.7941822409629822,0.10125821828842163,0.10125821828842163,0.010253226770945645
132,0.9402549862861633,0.9243768453598022,-0.015878140926361084,0.015878140926361084,0.0002521153592773828
133,0.9094489812850952,0.9595982432365417,0.05014926195144653,0.05014926195144653,0.002514948474274803
134,1.121709942817688,0.7541441917419434,-0.36756575107574463,0.36756575107574463,0.13510458136387626
135,0.8529989719390869,0.7726361751556396,-0.08036279678344727,0.08036279678344727,0.006458179106857642
136,1.2172900438308716,0.9240712523460388,-0.29321879148483276,0.29321879148483276,0.08597725967982583
137,0.694595992565155,0.7633136510848999,0.06871765851974487,0.06871765851974487,0.004722116592436265
138,0.9875389933586121,0.8559048175811768,-0.1316341757774353,0.1316341757774353,0.017327556232604735
139,0.7093960046768188,0.7509856820106506,0.04158967733383179,0.04158967733383179,0.0017297012607322415
140,0.94861900806427,0.9339941740036011,-0.014624834060668945,0.014624834060668945,0.0002138857713021025
141,0.7476400136947632,0.6524798274040222,-0.09516018629074097,0.09516018629074097,0.009055461054888525
142,1.0390299558639526,0.9209890365600586,-0.11804091930389404,0.11804091930389404,0.013933658630108425
143,0.7535139918327332,0.7603356838226318,0.006821691989898682,0.006821691989898682,4.6535481605047835e-05
144,0.971123993396759,0.8135988712310791,-0.15752512216567993,0.15752512216567993,0.024814164113312387
145,1.2233400344848633,0.9287518262863159,-0.29458820819854736,0.29458820819854736,0.08678221240963069
146,0.8068109750747681,0.837905764579773,0.031094789505004883,0.031094789505004883,0.0009668859343605618
147,0.7577540278434753,0.8988382816314697,0.14108425378799438,0.14108425378799438,0.019904766666915208
148,0.87015700340271,0.7791802883148193,-0.09097671508789062,0.09097671508789062,0.008276762688183226
149,0.7407950162887573,0.9425974488258362,0.20180243253707886,0.20180243253707886,0.040724221777882263
150,0.7824130058288574,0.897549033164978,0.1151360273361206,0.1151360273361206,0.013256304790743911
151,0.9091960191726685,0.780302107334137,-0.1288939118385315,0.1288939118385315,0.01661364050903913
152,0.574084997177124,0.7518424987792969,0.17775750160217285,0.17775750160217285,0.031597729375846484
153,0.6318519711494446,0.5847148895263672,-0.04713708162307739,0.04713708162307739,0.0022219044639406604
154,0.8461040258407593,0.8445038795471191,-0.0016001462936401367,0.0016001462936401367,2.5604681610502666e-06
155,0.8770760297775269,0.7565352320671082,-0.1205407977104187,0.1205407977104187,0.014530083912664082
156,0.5928170084953308,0.6519240736961365,0.059107065200805664,0.059107065200805664,0.003493645156652292
157,0.9692620038986206,0.8384485840797424,-0.13081341981887817,0.13081341981887817,0.01711215080471007
158,0.6657440066337585,0.7099318504333496,0.044187843799591064,0.044187843799591064,0.0019525655396570585
159,1.273669958114624,0.9328643083572388,-0.34080564975738525,0.34080564975738525,0.11614849090655355
160,0.8947299718856812,0.9174051880836487,0.02267521619796753,0.02267521619796753,0.000514165429624569
161,0.8351380228996277,0.7977926135063171,-0.03734540939331055,0.03734540939331055,0.0013946796027539676
162,0.7096070051193237,0.9089228510856628,0.1993158459663391,0.1993158459663391,0.03972680645327742
163,0.6759560108184814,0.6312559843063354,-0.044700026512145996,0.044700026512145996,0.001998092370186555
164,0.7117360234260559,0.7929776310920715,0.08124160766601562,0.08124160766601562,0.006600198816158809
165,0.951399028301239,0.9405215382575989,-0.010877490043640137,0.010877490043640137,0.0001183197896494903
166,0.9336000084877014,0.8622874021530151,-0.07131260633468628,0.07131260633468628,0.005085487822245938
167,0.7978460192680359,0.7982589602470398,0.00041294097900390625,0.00041294097900390625,1.7052025214070454e-07
168,0.7828760147094727,0.7367026209831238,-0.04617339372634888,0.04617339372634888,0.002131982288208434
169,0.6243039965629578,0.8979596495628357,0.27365565299987793,0.27365565299987793,0.0748874164187896
170,1.0223599672317505,0.8043450713157654,-0.2180148959159851,0.2180148959159851,0.04753049484125782
171,0.6575139760971069,0.5882382392883301,-0.06927573680877686,0.06927573680877686,0.0047991277103989205
172,0.7921779751777649,0.7012453079223633,-0.09093266725540161,0.09093266725540161,0.008268749974181588
173,0.8537499904632568,0.882567822933197,0.028817832469940186,0.028817832469940186,0.0008304674682655389
174,0.7235919833183289,0.5908121466636658,-0.13277983665466309,0.13277983665466309,0.01763048502203901
175,0.988569974899292,0.9114086627960205,-0.07716131210327148,0.07716131210327148,0.0059538680854984705
176,0.8537330031394958,0.7864446640014648,-0.067288339138031,0.067288339138031,0.004527720583954675
177,0.656216025352478,0.7386555075645447,0.08243948221206665,0.08243948221206665,0.006796268227393654
178,0.8016510009765625,0.944354772567749,0.14270377159118652,0.14270377159118652,0.020364366426349534
179,0.7691109776496887,0.947967529296875,0.17885655164718628,0.17885655164718628,0.03198966606712261
180,0.7956460118293762,0.9048561453819275,0.10921013355255127,0.10921013355255127,0.011926853270566085
181,0.854420006275177,0.7658173441886902,-0.08860266208648682,0.08860266208648682,0.007850431728812168
182,0.8510370254516602,0.7809337377548218,-0.07010328769683838,0.07010328769683838,0.004914470945905691
183,1.3943500518798828,0.9954610466957092,-0.3988890051841736,0.3988890051841736,0.15911243845681966
184,0.8062739968299866,0.6801086664199829,-0.12616533041000366,0.12616533041000366,0.015917690597465395
185,0.8968240022659302,0.9061353206634521,0.009311318397521973,0.009311318397521973,8.670065030003116e-05
186,1.3422199487686157,0.9273378849029541,-0.4148820638656616,0.4148820638656616,0.17212712691743093
187,0.6323210000991821,0.8214840292930603,0.18916302919387817,0.18916302919387817,0.035782651613804006
188,0.7224950194358826,0.7294537425041199,0.006958723068237305,0.006958723068237305,4.842382674041801e-05
189,0.5340980291366577,0.9045126438140869,0.3704146146774292,0.3704146146774292,0.13720698676662835
190,0.6438459753990173,0.6735550165176392,0.029709041118621826,0.029709041118621826,0.0008826271241879624
191,0.7113050222396851,0.8403977155685425,0.12909269332885742,0.12909269332885742,0.01666492347089843
192,0.6895660161972046,0.7102121114730835,0.020646095275878906,0.020646095275878906,0.0004262612501406693
193,0.9081069827079773,0.7726920247077942,-0.1354149580001831,0.1354149580001831,0.018337210850191354
194,0.9137349724769592,0.8698607087135315,-0.043874263763427734,0.043874263763427734,0.001924951020782828
195,0.8471279740333557,0.87928706407547,0.03215909004211426,0.03215909004211426,0.0010342070723368124
196,0.5557950139045715,0.703244149684906,0.14744913578033447,0.14744913578033447,0.02174124764236751
197,0.9467089772224426,0.8213477730751038,-0.12536120414733887,0.12536120414733887,0.01571543150527077
198,1.1818599700927734,1.0006905794143677,-0.18116939067840576,0.18116939067840576,0.032822348118784817
199,0.603967010974884,0.7154884934425354,0.11152148246765137,0.11152148246765137,0.012437041051782671
200,0.7449939846992493,0.7449012994766235,-9.268522262573242e-05,9.268522262573242e-05,8.590550493181581e-09
201,0.7867130041122437,0.8739031553268433,0.08719015121459961,0.08719015121459961,0.007602122468824746
202,0.95033198595047,0.9464625120162964,-0.003869473934173584,0.003869473934173584,1.4972828527248794e-05
203,0.754052996635437,0.8144402503967285,0.060387253761291504,0.060387253761291504,0.003646620416830615
204,0.7623929977416992,0.8019006848335266,0.03950768709182739,0.03950768709182739,0.0015608573393457448
205,1.0160499811172485,0.9044569134712219,-0.11159306764602661,0.11159306764602661,0.012453012746650671
206,0.8416709899902344,0.9244561791419983,0.08278518915176392,0.08278518915176392,0.00685338754289333
207,1.122059941291809,0.7628763914108276,-0.35918354988098145,0.35918354988098145,0.12901282250510349
208,0.9073799848556519,0.895469069480896,-0.01191091537475586,0.01191091537475586,0.00014186990506459551
209,0.9582110047340393,0.9466364979743958,-0.011574506759643555,0.011574506759643555,0.00013396920672903434
210,0.858115017414093,0.791665256023407,-0.06644976139068604,0.06644976139068604,0.0044155707888791085
211,0.6931989789009094,0.7691595554351807,0.07596057653427124,0.07596057653427124,0.005770009187418879
212,0.8532750010490417,0.778859555721283,-0.07441544532775879,0.07441544532775879,0.005537658503328657
213,0.7551829814910889,0.7981582283973694,0.04297524690628052,0.04297524690628052,0.0018468718466557732
214,1.0945199728012085,0.9615756869316101,-0.1329442858695984,0.1329442858695984,0.017674183145377498
215,0.9169549942016602,0.9272207021713257,0.010265707969665527,0.010265707969665527,0.00010538476011845432
216,0.8071380257606506,0.8193697333335876,0.012231707572937012,0.012231707572937012,0.00014961467014984464
217,0.6234279870986938,0.7768295407295227,0.15340155363082886,0.15340155363082886,0.023532036656352062
218,0.8324599862098694,0.6509440541267395,-0.18151593208312988,0.18151593208312988,0.03294803360000742
219,0.9007310271263123,0.9490488767623901,0.04831784963607788,0.04831784963607788,0.0023346145934546314
220,0.6685969829559326,0.5874885320663452,-0.0811084508895874,0.0811084508895874,0.0065785808057086115
221,0.7089639902114868,0.9041646122932434,0.1952006220817566,0.1952006220817566,0.03810328286110476
222,1.0435999631881714,0.7632097005844116,-0.28039026260375977,0.28039026260375977,0.07861869936300536
223,0.5851749777793884,0.6664742827415466,0.0812993049621582,0.0812993049621582,0.006609576987330001
224,0.7041749954223633,0.7230823636054993,0.018907368183135986,0.018907368183135986,0.000357488571612663
225,0.6886780261993408,0.7464183568954468,0.05774033069610596,0.05774033069610596,0.003333945788895676
226,0.8185700178146362,0.9550642967224121,0.13649427890777588,0.13649427890777588,0.01863068817455371
227,1.1915500164031982,0.9116712212562561,-0.27987879514694214,0.27987879514694214,0.078332139972904
228,0.5386580228805542,0.6304013729095459,0.0917433500289917,0.0917433500289917,0.008416842274542091
229,0.7502390146255493,0.8549847602844238,0.10474574565887451,0.10474574565887451,0.010971671233633629
230,0.826399028301239,0.9159528613090515,0.0895538330078125,0.0895538330078125,0.008019889006391168
231,1.1773500442504883,0.7548230290412903,-0.422527015209198,0.422527015209198,0.17852907858159384
232,0.7960259914398193,0.7176335453987122,-0.07839244604110718,0.07839244604110718,0.0061453755963079
233,0.7737209796905518,0.8232866525650024,0.049565672874450684,0.049565672874450684,0.0024567559274970563
234,1.1746100187301636,0.9445208311080933,-0.2300891876220703,0.2300891876220703,0.052941034260584274
235,0.8495879769325256,0.7924461960792542,-0.057141780853271484,0.057141780853271484,0.0032651831190833036
236,0.7417359948158264,0.7689380049705505,0.02720201015472412,0.02720201015472412,0.0007399493564577142
237,0.5594339966773987,0.603380560874939,0.04394656419754028,0.04394656419754028,0.0019313005047685294
238,1.0100300312042236,0.8971792459487915,-0.11285078525543213,0.11285078525543213,0.012735299732767658
239,0.7345899939537048,0.7533379793167114,0.018747985363006592,0.018747985363006592,0.0003514869551715094
240,1.0751999616622925,0.838863730430603,-0.23633623123168945,0.23633623123168945,0.055854814192798585
241,0.7887939810752869,0.8382351994514465,0.04944121837615967,0.04944121837615967,0.0024444340745191084
242,0.8472639918327332,0.782643735408783,-0.0646202564239502,0.0646202564239502,0.0041757775402970765
243,0.676626980304718,0.9226670861244202,0.24604010581970215,0.24604010581970215,0.06053573367177023
244,0.9496639966964722,0.9451510310173035,-0.004512965679168701,0.004512965679168701,2.0366859221354616e-05
245,0.8719369769096375,0.9259137511253357,0.05397677421569824,0.05397677421569824,0.0029134921547324666
246,0.6410220265388489,0.7687275409698486,0.12770551443099976,0.12770551443099976,0.016308698416086287
247,0.7673919796943665,0.804189920425415,0.036797940731048584,0.036797940731048584,0.0013540884420457644
248,0.7402610182762146,0.9537383317947388,0.21347731351852417,0.21347731351852417,0.04557256338708626
249,0.7500900030136108,0.8928406834602356,0.14275068044662476,0.14275068044662476,0.020377756767974375
250,0.9959779977798462,0.9233626127243042,-0.07261538505554199,0.07261538505554199,0.005272994146764631
251,0.9384250044822693,0.953919529914856,0.01549452543258667,0.01549452543258667,0.00024008031838107513
252,0.9330629706382751,0.7467422485351562,-0.1863207221031189,0.1863207221031189,0.03471541148502766
253,0.7733079791069031,0.7607415914535522,-0.01256638765335083,0.01256638765335083,0.00015791409865428818
254,0.6737430095672607,0.9529569149017334,0.27921390533447266,0.27921390533447266,0.07796040493212786
255,1.2944999933242798,0.9410932660102844,-0.35340672731399536,0.35340672731399536,0.12489631491078867
256,0.940680980682373,0.8983505964279175,-0.042330384254455566,0.042330384254455566,0.0017918614311298597
257,0.6991299986839294,0.8849860429763794,0.18585604429244995,0.18585604429244995,0.03454246920003712
258,0.8066819906234741,0.9402118921279907,0.1335299015045166,0.1335299015045166,0.017830234595805905
259,0.817782998085022,0.9254891276359558,0.10770612955093384,0.10770612955093384,0.011600610342842543
260,1.005329966545105,0.8881134390830994,-0.11721652746200562,0.11721652746200562,0.013739714310251117
261,0.7254869937896729,0.7556318044662476,0.030144810676574707,0.030144810676574707,0.0009087096107265324
262,1.0631999969482422,0.9556055068969727,-0.10759449005126953,0.10759449005126953,0.011576574289392738
263,0.7365599870681763,0.8004971742630005,0.06393718719482422,0.06393718719482422,0.004087963906385994
264,0.603767991065979,0.760966956615448,0.157198965549469,0.157198965549469,0.02471151476982314
265,1.4852399826049805,0.9247503280639648,-0.5604896545410156,0.5604896545410156,0.31414865284750704
266,0.5282639861106873,0.6215240359306335,0.09326004981994629,0.09326004981994629,0.008697436892418864
267,0.9282900094985962,0.7966634631156921,-0.13162654638290405,0.13162654638290405,0.017325547712690792
268,0.7573649883270264,0.6255576610565186,-0.1318073272705078,0.1318073272705078,0.017373171522194752
269,0.8735889792442322,0.9048579931259155,0.03126901388168335,0.03126901388168335,0.000977751229132906
270,0.8800600171089172,0.9165835380554199,0.036523520946502686,0.036523520946502686,0.0013339675823296204
271,0.7627819776535034,0.7992395758628845,0.036457598209381104,0.036457598209381104,0.0013291564671966682
272,0.7713620066642761,0.7476506233215332,-0.02371138334274292,0.02371138334274292,0.0005622297000265064
273,0.5630239844322205,0.6027494072914124,0.039725422859191895,0.039725422859191895,0.001578109221341606
274,0.9360859990119934,0.968520998954773,0.03243499994277954,0.03243499994277954,0.0010520292212881088
275,0.6595100164413452,0.7787339687347412,0.119223952293396,0.119223952293396,0.014214350800457964
276,0.6163150072097778,0.5890454053878784,-0.027269601821899414,0.027269601821899414,0.0007436311835249398
277,0.6291000247001648,0.6815248727798462,0.052424848079681396,0.052424848079681396,0.002748364696177674
278,0.7602429986000061,0.6608739495277405,-0.09936904907226562,0.09936904907226562,0.009874207913526334
279,0.7534549832344055,0.7889798879623413,0.03552490472793579,0.03552490472793579,0.0012620188559289147
280,0.770566999912262,0.7227336168289185,-0.047833383083343506,0.047833383083343506,0.0022880325371978927
281,0.7123669981956482,0.9249832034111023,0.2126162052154541,0.2126162052154541,0.04520565072022009
282,0.712431013584137,0.7834511995315552,0.07102018594741821,0.07102018594741821,0.005043866812005859
283,0.9875670075416565,0.9395431876182556,-0.04802381992340088,0.04802381992340088,0.002306287280035235
284,0.8230929970741272,0.7669957280158997,-0.05609726905822754,0.05609726905822754,0.003146903595791173
285,0.8428189754486084,0.885278582572937,0.04245960712432861,0.04245960712432861,0.0018028182371523371
286,0.7346500158309937,0.7736294269561768,0.038979411125183105,0.038979411125183105,0.0015193944916660485
287,0.9319900274276733,0.9273046851158142,-0.004685342311859131,0.004685342311859131,2.1952432579297465e-05
288,0.7425190210342407,0.7916004657745361,0.04908144474029541,0.04908144474029541,0.002408988217794672
289,0.6609609723091125,0.8893436789512634,0.22838270664215088,0.22838270664215088,0.05215866069319475
290,1.0441700220108032,0.9226975440979004,-0.12147247791290283,0.12147247791290283,0.014755562890300666
291,0.7648190259933472,0.7754719853401184,0.01065295934677124,0.01065295934677124,0.00011348554284396073
292,1.0199300050735474,0.9104386568069458,-0.10949134826660156,0.10949134826660156,0.011988355345238233
293,0.5351849794387817,0.8523051738739014,0.31712019443511963,0.31712019443511963,0.10056521771856808
294,0.8486019968986511,0.9476219415664673,0.09901994466781616,0.09901994466781616,0.009804949442017374
295,0.8412539958953857,0.7724865674972534,-0.06876742839813232,0.06876742839813232,0.004728959208492256
296,0.8703129887580872,0.7976781725883484,-0.07263481616973877,0.07263481616973877,0.005275816520011745
297,0.7859489917755127,0.9269537329673767,0.141004741191864,0.141004741191864,0.019882337038584552
298,0.5790299773216248,0.7210894823074341,0.14205950498580933,0.14205950498580933,0.020180902956813185
299,0.7811959981918335,0.7395535707473755,-0.04164242744445801,0.04164242744445801,0.0017340917634669495
300,0.6683170199394226,0.5775926113128662,-0.0907244086265564,0.0907244086265564,0.00823091832063838
301,0.9341859817504883,0.8932123780250549,-0.04097360372543335,0.04097360372543335,0.0016788362022488457
302,0.5305240154266357,0.9173482060432434,0.38682419061660767,0.38682419061660767,0.14963295444619362
303,0.5222200155258179,0.6373811364173889,0.11516112089157104,0.11516112089157104,0.013262083765003041
304,1.0130399465560913,0.7885445952415466,-0.22449535131454468,0.22449535131454468,0.05039816276184084
305,0.8767899870872498,0.7364000678062439,-0.14038991928100586,0.14038991928100586,0.01970932943572734
306,0.7650759816169739,0.6854057312011719,-0.079670250415802,0.079670250415802,0.006347348801316599
307,0.5554590225219727,0.7588974237442017,0.203438401222229,0.203438401222229,0.04138718309185663
308,0.5920460224151611,0.7122659683227539,0.12021994590759277,0.12021994590759277,0.014452835394024532
309,0.9370989799499512,0.8592885732650757,-0.07781040668487549,0.07781040668487549,0.006054459388465716
310,0.7555000185966492,0.8463087677955627,0.09080874919891357,0.09080874919891357,0.008246228931071187
311,1.1015700101852417,0.9462372064590454,-0.1553328037261963,0.1553328037261963,0.02412827991344102
312,0.6833900213241577,0.7183716297149658,0.034981608390808105,0.034981608390808105,0.001223712925607856
313,1.078629970550537,0.9238261580467224,-0.1548038125038147,0.1548038125038147,0.023964220365716216
314,0.7266640067100525,0.7825148105621338,0.0558508038520813,0.0558508038520813,0.0031193122909236592
315,0.7352949976921082,0.7972901463508606,0.06199514865875244,0.06199514865875244,0.0038433984572208146
316,0.5674690008163452,0.5710782408714294,0.0036092400550842285,0.0036092400550842285,1.3026613775224405e-05
317,0.914700984954834,0.7879374623298645,-0.12676352262496948,0.12676352262496948,0.01606899066829115
318,0.7293379902839661,0.9431847333908081,0.21384674310684204,0.21384674310684204,0.045730429537403694
319,0.9854840040206909,0.9087727069854736,-0.07671129703521729,0.07671129703521729,0.005884623092825336
320,0.8151059746742249,0.7881085872650146,-0.026997387409210205,0.026997387409210205,0.0007288589269229817
321,1.0248099565505981,0.9446470141410828,-0.08016294240951538,0.08016294240951538,0.00642609733575128
322,1.0325100421905518,0.9629554152488708,-0.06955462694168091,0.06955462694168091,0.004837846128996404
323,0.8026319742202759,0.8001227378845215,-0.0025092363357543945,0.0025092363357543945,6.2962669886701406e-06
324,0.9117339849472046,0.9030980467796326,-0.008635938167572021,0.008635938167572021,7.45794280341272e-05
325,0.8803110122680664,0.9333169460296631,0.05300593376159668,0.05300593376159668,0.0028096290139387747
326,0.8847619891166687,0.7963433861732483,-0.08841860294342041,0.08841860294342041,0.007817849346466232
327,0.7791630029678345,0.8368828892707825,0.057719886302948,0.057719886302948,0.003331585274825244
328,0.7782790064811707,0.9035482406616211,0.12526923418045044,0.12526923418045044,0.015692381032156533
329,0.9341470003128052,0.8440293073654175,-0.0901176929473877,0.0901176929473877,0.00812119858215965
330,0.7544540166854858,0.6782184839248657,-0.07623553276062012,0.07623553276062012,0.005811856455295583
331,0.823432981967926,0.9242891073226929,0.10085612535476685,0.10085612535476685,0.010171958021576444
332,0.8742650151252747,0.9321421384811401,0.05787712335586548,0.05787712335586548,0.0033497614079500693
333,0.613673985004425,0.6574366092681885,0.04376262426376343,0.04376262426376343,0.0019151672824513355
334,0.7013859748840332,0.8423771858215332,0.1409912109375,0.1409912109375,0.01987852156162262
335,0.7565720081329346,0.8104677200317383,0.05389571189880371,0.05389571189880371,0.002904747761078852
336,0.9163540005683899,0.9513058066368103,0.03495180606842041,0.03495180606842041,0.0012216287474444698
337,0.8455579876899719,0.9097296595573425,0.0641716718673706,0.0641716718673706,0.004118003470253484
338,0.6202499866485596,0.8420310020446777,0.22178101539611816,0.22178101539611816,0.0491868187901332
339,0.8019800186157227,0.9529768228530884,0.15099680423736572,0.15099680423736572,0.022800034889897347
340,0.7351610064506531,0.7769964337348938,0.04183542728424072,0.04183542728424072,0.001750202976054993
341,0.7703909873962402,0.8053494095802307,0.03495842218399048,0.03495842218399048,0.0012220912815941176
342,0.5624529719352722,0.6187710165977478,0.056318044662475586,0.056318044662475586,0.003171722154604595
343,0.8185009956359863,0.9088895320892334,0.09038853645324707,0.09038853645324707,0.008170087522159974
344,0.6300100088119507,0.8116673231124878,0.1816573143005371,0.1816573143005371,0.032999379838884124
345,0.6500179767608643,0.7676306962966919,0.11761271953582764,0.11761271953582764,0.013832751796613252
346,0.6967800259590149,0.6577874422073364,-0.03899258375167847,0.03899258375167847,0.0015204215876316596
347,0.584837019443512,0.6028842926025391,0.0180472731590271,0.0180472731590271,0.00032570406847654
348,0.629522979259491,0.6760230660438538,0.04650008678436279,0.04650008678436279,0.0021622580709532713
349,0.8294050097465515,0.9217085838317871,0.0923035740852356,0.0923035740852356,0.008519949788908576
350,0.9879080057144165,0.8104870915412903,-0.17742091417312622,0.17742091417312622,0.03147818078602782
351,0.7486780285835266,0.622042179107666,-0.1266358494758606,0.1266358494758606,0.016036638372472822
352,0.8692659735679626,0.8673489093780518,-0.0019170641899108887,0.0019170641899108887,3.675135108238692e-06
353,0.8350920081138611,0.9463054537773132,0.11121344566345215,0.11121344566345215,0.012368430496337623
354,0.7227920293807983,0.7618061304092407,0.03901410102844238,0.03901410102844238,0.001522100079057509
355,0.6729230284690857,0.8488001227378845,0.17587709426879883,0.17587709426879883,0.03093275228843595
356,1.028380036354065,0.9160155057907104,-0.11236453056335449,0.11236453056335449,0.012625787728723026
357,0.8530380129814148,0.7823279500007629,-0.07071006298065186,0.07071006298065186,0.004999913006727752
358,0.8581029772758484,0.8517547845840454,-0.0063481926918029785,0.0063481926918029785,4.0299550452260746e-05
359,0.5169960260391235,0.5957937240600586,0.07879769802093506,0.07879769802093506,0.006209077213398473
360,0.8119620084762573,0.9195090532302856,0.10754704475402832,0.10754704475402832,0.01156636683532497
361,0.6499329805374146,0.9249914884567261,0.2750585079193115,0.2750585079193115,0.07565718277879796
362,0.872992992401123,0.8783730268478394,0.005380034446716309,0.005380034446716309,2.8944770647854057e-05
363,0.9186499714851379,0.7533769607543945,-0.1652730107307434,0.1652730107307434,0.027315168076004426
364,0.6999689936637878,0.7944152355194092,0.09444624185562134,0.09444624185562134,0.00892009260065052
365,0.8892070055007935,0.928696870803833,0.03948986530303955,0.03948986530303955,0.001559449461652207
366,0.8228570222854614,0.8592617511749268,0.03640472888946533,0.03640472888946533,0.0013253042855154717
367,0.971979022026062,0.8997661471366882,-0.07221287488937378,0.07221287488937378,0.00521469929978835
368,0.7568259835243225,0.8003159761428833,0.04348999261856079,0.04348999261856079,0.001891379457962472
369,0.8771399855613708,0.7149792909622192,-0.1621606945991516,0.1621606945991516,0.02629609087287932
370,0.8397600054740906,0.9249383807182312,0.08517837524414062,0.08517837524414062,0.0072553556092316285
371,0.8860030174255371,0.7904375195503235,-0.09556549787521362,0.09556549787521362,0.00913276438413746
372,0.5605220198631287,0.6836798191070557,0.123157799243927,0.123157799243927,0.015167843514607426
373,0.819612979888916,0.7786471247673035,-0.04096585512161255,0.04096585512161255,0.001678201285844949
374,0.8209580183029175,0.9406119585037231,0.11965394020080566,0.11965394020080566,0.014317065405577978
375,0.7005620002746582,0.6757771372795105,-0.024784862995147705,0.024784862995147705,0.0006142894336882421
376,1.057960033416748,0.7525814771652222,-0.3053785562515259,0.3053785562515259,0.09325606261826636
377,0.9288579821586609,0.9482892155647278,0.019431233406066895,0.019431233406066895,0.00037757283168105005
378,1.3392200469970703,0.9583114981651306,-0.3809085488319397,0.3809085488319397,0.1450913225732542
379,1.0605499744415283,0.7887498140335083,-0.27180016040802,0.27180016040802,0.07387532719782541
380,0.920589029788971,0.9525659084320068,0.03197687864303589,0.03197687864303589,0.0010225207677514447
381,0.5604699850082397,0.6608148813247681,0.10034489631652832,0.10034489631652832,0.010069098216774819
382,1.2822999954223633,0.8896372318267822,-0.39266276359558105,0.39266276359558105,0.15418404591451917
383,0.9209539890289307,0.9529164433479309,0.031962454319000244,0.031962454319000244,0.0010215984860941774
384,0.7524589896202087,0.7466062307357788,-0.005852758884429932,0.005852758884429932,3.42547865592735e-05
385,0.6989529728889465,0.6592772603034973,-0.03967571258544922,0.03967571258544922,0.0015741621691631735
386,1.0745899677276611,0.9063295125961304,-0.16826045513153076,0.16826045513153076,0.028311580761069877
387,0.6340770125389099,0.8000041246414185,0.16592711210250854,0.16592711210250854,0.027531806530678438
388,0.5405619740486145,0.6112804412841797,0.07071846723556519,0.07071846723556519,0.005001101608147707
389,0.9087409973144531,0.8226789832115173,-0.08606201410293579,0.08606201410293579,0.007406670271453919
390,0.9445629715919495,0.9597659111022949,0.015202939510345459,0.015202939510345459,0.00023112936975522302
391,0.8974729776382446,0.946898341178894,0.049425363540649414,0.049425363540649414,0.0024428665611253564
392,0.6657289862632751,0.8458409309387207,0.18011194467544556,0.18011194467544556,0.03244031261477076
393,1.0177600383758545,0.9237090945243835,-0.09405094385147095,0.09405094385147095,0.00884558003935254
394,0.9407839775085449,0.8224203586578369,-0.11836361885070801,0.11836361885070801,0.01400994626743568
395,0.9522809982299805,0.8632379174232483,-0.08904308080673218,0.08904308080673218,0.007928670239554236
396,0.7387049794197083,0.8853602409362793,0.14665526151657104,0.14665526151657104,0.021507765730493844
397,0.7241330146789551,0.7500640749931335,0.025931060314178467,0.025931060314178467,0.0006724198890175614
398,0.7862039804458618,0.691942572593689,-0.09426140785217285,0.09426140785217285,0.008885213010273674
399,0.7145900130271912,0.6897892951965332,-0.02480071783065796,0.02480071783065796,0.0006150756049159156
400,0.8264859914779663,0.8947242498397827,0.0682382583618164,0.0682382583618164,0.004656459904254007
401,0.7957760095596313,0.9266942739486694,0.13091826438903809,0.13091826438903809,0.017139591950638078
402,0.7695090174674988,0.7293072938919067,-0.04020172357559204,0.04020172357559204,0.001616178578448313
403,0.6264349818229675,0.7489574551582336,0.12252247333526611,0.12252247333526611,0.015011756472190996
404,0.7093619704246521,0.8579379916191101,0.148576021194458,0.148576021194458,0.022074834073976035
405,0.7702379822731018,0.7680962085723877,-0.0021417737007141113,0.0021417737007141113,4.58719458507062e-06
406,0.7450940012931824,0.9310472011566162,0.18595319986343384,0.18595319986343384,0.03457859253945017
407,0.7890409827232361,0.7764928340911865,-0.01254814863204956,0.01254814863204956,0.00015745603409200726
408,0.795054018497467,0.7687829732894897,-0.026271045207977295,0.026271045207977295,0.0006901678163195868
409,1.0096499919891357,0.9162435531616211,-0.09340643882751465,0.09340643882751465,0.008724762814438236
410,0.7238759994506836,0.6263184547424316,-0.09755754470825195,0.09755754470825195,0.009517474529502579
411,0.7093390226364136,0.7981449365615845,0.0888059139251709,0.0888059139251709,0.007886490348084862
412,0.5955139994621277,0.6089968681335449,0.013482868671417236,0.013482868671417236,0.0001817877476106844
413,1.0064400434494019,0.9000892043113708,-0.106350839138031,0.106350839138031,0.011310500985363348
414,0.7712050080299377,0.7114728093147278,-0.05973219871520996,0.05973219871520996,0.0035679355633533305
415,0.9001290202140808,0.8587965965270996,-0.0413324236869812,0.0413324236869812,0.0017083692478401247
416,0.9172629714012146,0.8067361116409302,-0.11052685976028442,0.11052685976028442,0.01221618672846958
417,1.2573100328445435,0.9479756355285645,-0.309334397315979,0.309334397315979,0.09568776936283996
418,1.0653300285339355,0.8924439549446106,-0.17288607358932495,0.17288607358932495,0.029889594441133482
419,0.8135679960250854,0.8382937908172607,0.024725794792175293,0.024725794792175293,0.0006113649281047628
420,0.7455490231513977,0.7883500456809998,0.04280102252960205,0.04280102252960205,0.0018319275295795023
421,0.8341439962387085,0.8297688961029053,-0.004375100135803223,0.004375100135803223,1.9141501198305377e-05
422,0.9209480285644531,0.7930190563201904,-0.1279289722442627,0.1279289722442627,0.016365821939473335
423,0.623399019241333,0.5724043846130371,-0.0509946346282959,0.0509946346282959,0.002600452760873395
424,0.9003300070762634,0.8238983750343323,-0.07643163204193115,0.07643163204193115,0.005841794376593157
425,0.694474995136261,0.931179404258728,0.23670440912246704,0.23670440912246704,0.05602897729801626
426,0.9443470239639282,0.7975943684577942,-0.14675265550613403,0.14675265550613403,0.02153634189810205
427,0.592244029045105,0.5960745215415955,0.0038304924964904785,0.0038304924964904785,1.4672672765669859e-05
428,0.7807090282440186,0.888324499130249,0.10761547088623047,0.10761547088623047,0.011581089574065118
429,0.8454750180244446,0.9437515735626221,0.09827655553817749,0.09827655553817749,0.009658281368448485
430,0.5901340246200562,0.7919447422027588,0.20181071758270264,0.20181071758270264,0.04072756573124536
431,0.836368978023529,0.9262151122093201,0.08984613418579102,0.08984613418579102,0.008072327828131165
432,0.754190981388092,0.6855836510658264,-0.06860733032226562,0.06860733032226562,0.004706965773948468
433,0.5735160112380981,0.7706783413887024,0.19716233015060425,0.19716233015060425,0.03887298443041587
434,0.7597759962081909,0.767612099647522,0.007836103439331055,0.007836103439331055,6.140451711189598e-05
435,1.3193600177764893,0.8363264799118042,-0.48303353786468506,0.48303353786468506,0.23332139870207413
436,0.9226499795913696,0.792296826839447,-0.1303531527519226,0.1303531527519226,0.01699194443236607
437,0.5529029965400696,0.9101948738098145,0.3572918772697449,0.3572918772697449,0.12765748556293843
438,1.0209499597549438,0.8624809384346008,-0.15846902132034302,0.15846902132034302,0.02511243071822733
439,0.8694949746131897,0.7698979377746582,-0.0995970368385315,0.0995970368385315,0.0099195697470158
440,0.7779989838600159,0.8024746775627136,0.024475693702697754,0.024475693702697754,0.0005990595822282785
441,0.8196269869804382,0.9259762167930603,0.10634922981262207,0.10634922981262207,0.011310158681737903
442,0.746321976184845,0.7746418118476868,0.028319835662841797,0.028319835662841797,0.0008020130919703661
443,0.8745599985122681,0.9119675755500793,0.03740757703781128,0.03740757703781128,0.0013993268198397857
444,0.49926701188087463,0.5676076412200928,0.06834062933921814,0.06834062933921814,0.004670441618480403
445,1.080549955368042,0.8161677718162537,-0.26438218355178833,0.26438218355178833,0.0698979389796115
446,0.5037260055541992,0.6614483594894409,0.1577223539352417,0.1577223539352417,0.024876340930873653
447,1.0143200159072876,0.922236442565918,-0.09208357334136963,0.09208357334136963,0.0084793844793154
448,1.0963000059127808,0.9291268587112427,-0.16717314720153809,0.16717314720153809,0.02794686114526712
449,1.0253700017929077,0.8890495300292969,-0.13632047176361084,0.13632047176361084,0.01858327102185342
450,0.9723460078239441,0.9393765330314636,-0.03296947479248047,0.03296947479248047,0.001086986268092005
451,0.7916110157966614,0.9170920848846436,0.12548106908798218,0.12548106908798218,0.015745498699462956
452,0.7212989926338196,0.6976862549781799,-0.02361273765563965,0.02361273765563965,0.0005575613795940626
453,0.5843340158462524,0.6702651977539062,0.08593118190765381,0.08593118190765381,0.007384168024046289
454,0.45831701159477234,0.5792843103408813,0.12096729874610901,0.12096729874610901,0.014633087365930386
455,0.5722190141677856,0.673920750617981,0.10170173645019531,0.10170173645019531,0.010343243196984986
456,1.3578699827194214,0.9277787208557129,-0.4300912618637085,0.4300912618637085,0.18497849353151707
457,1.022089958190918,0.9261595010757446,-0.09593045711517334,0.09593045711517334,0.009202652602326111
458,0.7866770029067993,0.9422565698623657,0.1555795669555664,0.1555795669555664,0.02420500165408157
459,0.963083028793335,0.8236039876937866,-0.13947904109954834,0.13947904109954834,0.019454402906049495
460,0.8604689836502075,0.815868079662323,-0.04460090398788452,0.04460090398788452,0.0019892406365364934
461,0.6149910092353821,0.8859898447990417,0.27099883556365967,0.27099883556365967,0.07344036887685945
462,0.8445580005645752,0.8090382218360901,-0.03551977872848511,0.03551977872848511,0.0012616546809205431
463,0.8302890062332153,0.8623113036155701,0.032022297382354736,0.032022297382354736,0.001025427529643963
464,1.1353600025177002,0.9545499682426453,-0.18081003427505493,0.18081003427505493,0.03269226849454654
465,0.7811239957809448,0.7729358673095703,-0.008188128471374512,0.008188128471374512,6.70454478637339e-05
466,0.8939369916915894,0.8583456873893738,-0.035591304302215576,0.035591304302215576,0.001266740941932909
467,0.8099989891052246,0.7048662304878235,-0.10513275861740112,0.10513275861740112,0.01105289693450473
468,0.8813610076904297,0.8529379963874817,-0.028423011302947998,0.028423011302947998,0.0008078675715275097
469,0.811693012714386,0.9262361526489258,0.1145431399345398,0.1145431399345398,0.013120130906063565
470,0.9674789905548096,0.8126843571662903,-0.1547946333885193,0.1547946333885193,0.02396137852588609
471,0.7883009910583496,0.7468703985214233,-0.04143059253692627,0.04143059253692627,0.0017164939979608107
472,0.7641519904136658,0.9200232625007629,0.15587127208709717,0.15587127208709717,0.024295853462049877
473,0.8091239929199219,0.9210259914398193,0.11190199851989746,0.11190199851989746,0.012522057272747134
474,0.8263810276985168,0.8919978141784668,0.06561678647994995,0.06561678647994995,0.004305562667955343
475,0.6135450005531311,0.8077614903450012,0.19421648979187012,0.19421648979187012,0.03772004490707559
476,0.8133140206336975,0.9389398694038391,0.1256258487701416,0.1256258487701416,0.015781853879218488
477,0.8568840026855469,0.7898187637329102,-0.06706523895263672,0.06706523895263672,0.0044977462757742614
478,1.3458499908447266,0.9315592050552368,-0.41429078578948975,0.41429078578948975,0.17163685519007288
479,0.5787889957427979,0.5782817006111145,-0.0005072951316833496,0.0005072951316833496,2.57348350629627e-07
480,0.6440020203590393,0.7998173236846924,0.15581530332565308,0.15581530332565308,0.024278408750465275
481,0.7813079953193665,0.7985594868659973,0.01725149154663086,0.01725149154663086,0.000297613960583476
482,0.7326480150222778,0.8312950134277344,0.09864699840545654,0.09864699840545654,0.009731230294406146
483,0.7293639779090881,0.6962777376174927,-0.03308624029159546,0.03308624029159546,0.0010946992966331948
484,0.7351639866828918,0.6143064498901367,-0.12085753679275513,0.12085753679275513,0.01460654419961216
485,1.3544600009918213,0.9421671032905579,-0.4122928977012634,0.4122928977012634,0.16998543349490447
486,0.7530980110168457,0.7774822115898132,0.02438420057296753,0.02438420057296753,0.00059458923758271
487,0.8789309859275818,0.9184859991073608,0.03955501317977905,0.03955501317977905,0.0015645990676524946
488,0.8935080170631409,0.8373852968215942,-0.05612272024154663,0.05612272024154663,0.003149759727310908
489,0.7362809777259827,0.7190806269645691,-0.017200350761413574,0.017200350761413574,0.0002958520663156605
490,1.1226199865341187,0.9459762573242188,-0.1766437292098999,0.1766437292098999,0.031203007069180444
491,0.741923987865448,0.9472127556800842,0.20528876781463623,0.20528876781463623,0.042143478190851624
492,0.9012159705162048,0.8472674489021301,-0.05394852161407471,0.05394852161407471,0.002910442984344286
493,0.6532250046730042,0.6750411987304688,0.0218161940574646,0.0218161940574646,0.0004759463231529537
494,0.8233749866485596,0.7780271768569946,-0.04534780979156494,0.04534780979156494,0.002056423852891953
495,1.2390999794006348,0.9237073063850403,-0.3153926730155945,0.3153926730155945,0.0994725381919217
496,0.8558310270309448,0.9022108316421509,0.046379804611206055,0.046379804611206055,0.0021510862757736504
497,0.9370120167732239,0.7139121294021606,-0.22309988737106323,0.22309988737106323,0.0497735597449811
498,0.6950079798698425,0.8052957057952881,0.11028772592544556,0.11028772592544556,0.012163382489806196
499,1.3916900157928467,0.9557818174362183,-0.4359081983566284,0.4359081983566284,0.1900159573945217
500,0.6356980204582214,0.9041286110877991,0.26843059062957764,0.26843059062957764,0.0720549819857439
501,0.6102889776229858,0.6044294834136963,-0.005859494209289551,0.005859494209289551,3.433367238869778e-05
502,0.7194430232048035,0.7242531776428223,0.004810154438018799,0.004810154438018799,2.3137585717591946e-05
503,0.7516270279884338,0.8641121983528137,0.11248517036437988,0.11248517036437988,0.012652913551903566
504,1.0312199592590332,0.9231811761856079,-0.10803878307342529,0.10803878307342529,0.011672378647986648
505,0.59306401014328,0.7730430364608765,0.17997902631759644,0.17997902631759644,0.03239244991423007
506,0.5956990122795105,0.7242674827575684,0.12856847047805786,0.12856847047805786,0.016529851601067236
507,0.7596129775047302,0.7261760830879211,-0.03343689441680908,0.03343689441680908,0.0011180259082408384
508,0.6292129755020142,0.7074434757232666,0.07823050022125244,0.07823050022125244,0.006120011164867378
509,1.1849299669265747,0.9315820336341858,-0.2533479332923889,0.2533479332923889,0.06418517530352474
510,0.8176929950714111,0.9096386432647705,0.09194564819335938,0.09194564819335938,0.00845400222169701
511,0.6623200178146362,0.6707166433334351,0.008396625518798828,0.008396625518798828,7.050332010294369e-05
512,0.9095990061759949,0.8892421722412109,-0.020356833934783936,0.020356833934783936,0.0004144006878483708
513,0.8293920159339905,0.6949676871299744,-0.1344243288040161,0.1344243288040161,0.018069900174410236
514,0.8701469898223877,0.9523705244064331,0.08222353458404541,0.08222353458404541,0.006760709639493712
515,1.192389965057373,0.9605177640914917,-0.23187220096588135,0.23187220096588135,0.05376471758076207
516,0.8703510165214539,0.9248343706130981,0.05448335409164429,0.05448335409164429,0.0029684358730754923
517,0.9978330135345459,0.9307954907417297,-0.06703752279281616,0.06703752279281616,0.0044940294621973464
518,0.4404529929161072,0.5923867225646973,0.1519337296485901,0.1519337296485901,0.023083858204930863
519,0.748691976070404,0.7017035484313965,-0.04698842763900757,0.04698842763900757,0.0022079123319862504
520,0.8756589889526367,0.8763302564620972,0.0006712675094604492,0.0006712675094604492,4.506000692572343e-07
521,0.6941230297088623,0.7564607858657837,0.06233775615692139,0.06233775615692139,0.0038859958426797903
522,0.8824830055236816,0.7990877032279968,-0.08339530229568481,0.08339530229568481,0.006954776444988653
523,0.6959069967269897,0.6977877616882324,0.0018807649612426758,0.0018807649612426758,3.5372768394381637e-06
524,1.109179973602295,0.9228114485740662,-0.18636852502822876,0.18636852502822876,0.03473322712119753
525,0.875669002532959,0.7694063186645508,-0.1062626838684082,0.1062626838684082,0.011291757982917261
526,0.7627300024032593,0.9407162070274353,0.17798620462417603,0.17798620462417603,0.03167908903651906
527,0.6835129857063293,0.8414211273193359,0.1579081416130066,0.1579081416130066,0.024934981187673344
528,0.8198750019073486,0.803173840045929,-0.016701161861419678,0.016701161861419678,0.0002789288075213392
529,0.8885909914970398,0.8683158755302429,-0.020275115966796875,0.020275115966796875,0.0004110803274670616
530,0.7685559988021851,0.7882108688354492,0.01965487003326416,0.01965487003326416,0.0003863139160245055
531,1.3136399984359741,0.950391411781311,-0.3632485866546631,0.3632485866546631,0.13194953570661028
532,0.7042070031166077,0.7521156668663025,0.047908663749694824,0.047908663749694824,0.002295240062281323
533,0.8651559948921204,0.8479365110397339,-0.017219483852386475,0.017219483852386475,0.00029651062414259854
534,0.7398340106010437,0.7754014134407043,0.035567402839660645,0.035567402839660645,0.0012650401447587
535,0.4595400094985962,0.7239594459533691,0.26441943645477295,0.26441943645477295,0.06991763837505971
536,0.867667019367218,0.9188116788864136,0.05114465951919556,0.05114465951919556,0.0026157761973344407
537,0.6059719920158386,0.7611532807350159,0.15518128871917725,0.15518128871917725,0.024081232368544647
538,0.881650984287262,0.9098415970802307,0.02819061279296875,0.02819061279296875,0.0007947106496430933
539,1.1175700426101685,0.9323214888572693,-0.18524855375289917,0.18524855375289917,0.03431702666754077
540,0.7912120223045349,0.8741012215614319,0.08288919925689697,0.08288919925689697,0.00687061935344957
541,0.6922749876976013,0.6916311979293823,-0.0006437897682189941,0.0006437897682189941,4.144652656634662e-07
542,0.8992930054664612,0.8875293135643005,-0.011763691902160645,0.011763691902160645,0.00013838444716895992
543,0.5767750144004822,0.6335117220878601,0.05673670768737793,0.05673670768737793,0.00321905399920297
544,0.9519400000572205,0.9257169961929321,-0.02622300386428833,0.02622300386428833,0.0006876459316664807
545,0.7294089794158936,0.8848782777786255,0.15546929836273193,0.15546929836273193,0.024170702733400162
546,0.8112769722938538,0.786672055721283,-0.0246049165725708,0.0246049165725708,0.0006054019195431692
547,0.8536229729652405,0.9002345204353333,0.04661154747009277,0.04661154747009277,0.002172636357556712
548,0.8100460171699524,0.8327771425247192,0.022731125354766846,0.022731125354766846,0.0005167040598941242
549,0.8281530141830444,0.7081718444824219,-0.11998116970062256,0.11998116970062256,0.014395481082729589
550,0.9324399828910828,0.8513545989990234,-0.08108538389205933,0.08108538389205933,0.006574839480922634
551,1.2424499988555908,0.9273879528045654,-0.3150620460510254,0.3150620460510254,0.09926409286185844
552,0.9787539839744568,0.923631489276886,-0.0551224946975708,0.0551224946975708,0.003038489421683721
553,1.065369963645935,0.9362887740135193,-0.12908118963241577,0.12908118963241577,0.01666195351691968
554,0.8224800229072571,0.9268354773521423,0.10435545444488525,0.10435545444488525,0.010890060872398521
555,0.7285019755363464,0.7392581105232239,0.010756134986877441,0.010756134986877441,0.00011569443985592898
556,0.7965750098228455,0.7228103876113892,-0.0737646222114563,0.0737646222114563,0.005441219489998872
557,0.9952509999275208,0.9076733589172363,-0.08757764101028442,0.08757764101028442,0.007669843204926252
558,0.7084500193595886,0.932349681854248,0.22389966249465942,0.22389966249465942,0.0501310588652224
559,0.9475160241127014,0.8779767751693726,-0.06953924894332886,0.06953924894332886,0.004835707143602264
560,0.701807975769043,0.7456768751144409,0.04386889934539795,0.04386889934539795,0.0019244803297766566
561,0.9593889713287354,0.9416173100471497,-0.017771661281585693,0.017771661281585693,0.00031583194470741205
562,1.0701600313186646,0.881091833114624,-0.18906819820404053,0.18906819820404053,0.035746783572122354
563,0.6279619932174683,0.7766513228416443,0.14868932962417603,0.14868932962417603,0.02210851674408687
564,0.5236650109291077,0.8472042679786682,0.32353925704956055,0.32353925704956055,0.10467765085218161
565,0.5446059703826904,0.6347718238830566,0.09016585350036621,0.09016585350036621,0.008129881137449502
566,0.765533983707428,0.7681909203529358,0.0026569366455078125,0.0026569366455078125,7.059312338242307e-06
567,0.7116280198097229,0.6904070973396301,-0.021220922470092773,0.021220922470092773,0.0004503275504816884
568,0.6169970035552979,0.6151921153068542,-0.0018048882484436035,0.0018048882484436035,3.257621589369819e-06
569,0.9539750218391418,0.9015292525291443,-0.05244576930999756,0.05244576930999756,0.002750558718517482
570,0.9399210214614868,0.9242426753044128,-0.015678346157073975,0.015678346157073975,0.00024581053822103627
571,1.2631299495697021,0.8901652097702026,-0.3729647397994995,0.3729647397994995,0.13910269713370838
572,0.8629879951477051,0.7902012467384338,-0.07278674840927124,0.07278674840927124,0.005297910743994549
573,0.6129329800605774,0.7732664346694946,0.16033345460891724,0.16033345460891724,0.025706816666829724
574,0.9895039796829224,0.8554701209068298,-0.13403385877609253,0.13403385877609253,0.017965075298409516
575,0.8672249913215637,0.9431838393211365,0.07595884799957275,0.07595884799957275,0.005769746589422198
576,0.7418040037155151,0.8140720129013062,0.07226800918579102,0.07226800918579102,0.005222665151677575
577,0.6488249897956848,0.7733820676803589,0.12455707788467407,0.12455707788467407,0.015514465651168763
578,0.760312020778656,0.769252359867096,0.008940339088439941,0.008940339088439941,7.992966301628712e-05
579,1.0086300373077393,0.9607644081115723,-0.04786562919616699,0.04786562919616699,0.002291118458344954
580,0.9425389766693115,0.7727667093276978,-0.16977226734161377,0.16977226734161377,0.028822622758312377
581,0.7912600040435791,0.8441969156265259,0.05293691158294678,0.05293691158294678,0.0028023166079407247
582,0.7256150245666504,0.7897202968597412,0.06410527229309082,0.06410527229309082,0.004109485935771318
583,0.8593440055847168,0.9377865791320801,0.07844257354736328,0.07844257354736328,0.006153237344733498
584,0.8325139880180359,0.7860156893730164,-0.04649829864501953,0.04649829864501953,0.002162091776881425
585,0.6171830296516418,0.660300076007843,0.04311704635620117,0.04311704635620117,0.0018590796864828008
586,0.797104001045227,0.7895892858505249,-0.0075147151947021484,0.0075147151947021484,5.647094445748735e-05
587,0.6981940269470215,0.7644606828689575,0.06626665592193604,0.06626665592193604,0.00439126968707626
588,0.8315309882164001,0.663866400718689,-0.16766458749771118,0.16766458749771118,0.02811141390077765
589,1.1837600469589233,0.9767813086509705,-0.20697873830795288,0.20697873830795288,0.04284019811155204
590,0.6500089764595032,0.8011812567710876,0.15117228031158447,0.15117228031158447,0.02285305833460427
591,0.7543690204620361,0.92563396692276,0.17126494646072388,0.17126494646072388,0.029331681886194616
592,0.7925350069999695,0.8056102991104126,0.013075292110443115,0.013075292110443115,0.00017096326377341597
593,0.8537399768829346,0.951107382774353,0.09736740589141846,0.09736740589141846,0.00948041173002423
594,0.746150016784668,0.7090359330177307,-0.037114083766937256,0.037114083766937256,0.0013774552138592355
595,0.9575920104980469,0.9594943523406982,0.0019023418426513672,0.0019023418426513672,3.618904486302199e-06
596,1.256060004234314,0.8025092482566833,-0.4535507559776306,0.4535507559776306,0.20570828824788023
597,0.9928169846534729,0.8711184859275818,-0.12169849872589111,0.12169849872589111,0.014810524592135721
598,0.640330970287323,0.7859812378883362,0.14565026760101318,0.14565026760101318,0.02121400045224675
599,0.626164972782135,0.7644342184066772,0.13826924562454224,0.13826924562454224,0.019118384285579992
600,0.9128550291061401,0.9323717355728149,0.019516706466674805,0.019516706466674805,0.00038090183130634614
601,1.3194500207901,0.9316714406013489,-0.3877785801887512,0.3877785801887512,0.15037222725320376
602,0.5184239745140076,0.7184521555900574,0.2000281810760498,0.2000281810760498,0.04001127322459297
603,0.8642719984054565,0.9238442778587341,0.05957227945327759,0.05957227945327759,0.003548856479259399
604,0.5680440068244934,0.7600700855255127,0.1920260787010193,0.1920260787010193,0.03687401490129005
605,0.8242639899253845,0.8872681260108948,0.06300413608551025,0.06300413608551025,0.003969521163881495
606,0.7584310173988342,0.7606173753738403,0.0021863579750061035,0.0021863579750061035,4.7801611948727896e-06
607,0.7468609809875488,0.868854820728302,0.12199383974075317,0.12199383974075317,0.014882496934692568
608,0.6904839873313904,0.7821295857429504,0.09164559841156006,0.09164559841156006,0.00839891570821294
609,0.551701009273529,0.6466550230979919,0.09495401382446289,0.09495401382446289,0.00901626474137629
610,0.8253949880599976,0.8757186532020569,0.050323665142059326,0.050323665142059326,0.002532471273330117
611,1.345960021018982,0.9255828857421875,-0.42037713527679443,0.42037713527679443,0.17671693586352433
612,0.5947009921073914,0.6434370279312134,0.04873603582382202,0.04873603582382202,0.0023752011878208634
613,0.9076099991798401,0.9625062942504883,0.05489629507064819,0.05489629507064819,0.003013603212483673
614,0.682075023651123,0.6225574016571045,-0.059517621994018555,0.059517621994018555,0.003542347327822881
615,0.973438024520874,0.9299579858779907,-0.0434800386428833,0.0434800386428833,0.001890513760386625
616,0.8447329998016357,0.8523650169372559,0.007632017135620117,0.007632017135620117,5.82476855583991e-05
617,0.7275840044021606,0.6674215197563171,-0.060162484645843506,0.060162484645843506,0.0036195245587613556
618,0.7758070230484009,0.9040400981903076,0.12823307514190674,0.12823307514190674,0.0164437215603499
619,0.6352589726448059,0.749087929725647,0.11382895708084106,0.11382895708084106,0.012957031470111957
620,1.0105899572372437,0.7639114856719971,-0.24667847156524658,0.24667847156524658,0.060850268333766167
621,0.8569380044937134,0.903188169002533,0.04625016450881958,0.04625016450881958,0.0021390777170928743
622,0.7609249949455261,0.7712348699569702,0.010309875011444092,0.010309875011444092,0.00010629352275159931
623,0.9990410208702087,0.912604570388794,-0.0864364504814148,0.0864364504814148,0.007471259971826072
624,0.7098249793052673,0.8427577614784241,0.13293278217315674,0.13293278217315674,0.017671124576295938
625,0.660742998123169,0.700956404209137,0.04021340608596802,0.04021340608596802,0.0016171180290349696
626,1.0428099632263184,0.9250701069831848,-0.11773985624313354,0.11773985624313354,0.013862673748153753
627,1.0410200357437134,0.9886227250099182,-0.052397310733795166,0.052397310733795166,0.002745478172133886
628,0.9100520014762878,0.8458072543144226,-0.06424474716186523,0.06424474716186523,0.004127387537891991
629,0.7322800159454346,0.8185603618621826,0.08628034591674805,0.08628034591674805,0.007444298091513701
630,0.8839690089225769,0.7806724309921265,-0.10329657793045044,0.10329657793045044,0.01067018301214162
631,0.8504940271377563,0.7874186635017395,-0.06307536363601685,0.06307536363601685,0.003978501497815756
632,0.5708019733428955,0.7950050234794617,0.22420305013656616,0.22420305013656616,0.0502670076905396
633,1.0411399602890015,0.9424588680267334,-0.09868109226226807,0.09868109226226807,0.009737957970074262
634,0.8798660039901733,0.7841683030128479,-0.09569770097732544,0.09569770097732544,0.009158049972345594
635,0.8025320172309875,0.7882676720619202,-0.014264345169067383,0.014264345169067383,0.00020347154310229598
636,0.6867160201072693,0.7151581048965454,0.028442084789276123,0.028442084789276123,0.0008089521871603722
637,0.9384909868240356,0.9147438406944275,-0.023747146129608154,0.023747146129608154,0.0005639269493009635
638,1.2654000520706177,0.929228663444519,-0.33617138862609863,0.33617138862609863,0.11301120253079944
639,0.7847719788551331,0.7231870293617249,-0.0615849494934082,0.0615849494934082,0.0037927060041056393
640,1.2165900468826294,0.9334691166877747,-0.28312093019485474,0.28312093019485474,0.08015746111439981
641,0.6195319890975952,0.7559841871261597,0.13645219802856445,0.13645219802856445,0.01861920234682657
642,0.544152021408081,0.7899439930915833,0.2457919716835022,0.2457919716835022,0.060413693344063546
643,0.574072003364563,0.9355103969573975,0.3614383935928345,0.3614383935928345,0.13063771236296873
644,0.8298979997634888,0.7799794673919678,-0.049918532371520996,0.049918532371520996,0.0024918598741265896
645,0.6849880218505859,0.789390504360199,0.10440248250961304,0.10440248250961304,0.010899878354170056
646,0.8151710033416748,0.8049358129501343,-0.010235190391540527,0.010235190391540527,0.00010475912235108353
647,1.0237200260162354,0.9321945905685425,-0.09152543544769287,0.09152543544769287,0.008376905333889795
648,0.7825589776039124,0.91339510679245,0.1308361291885376,0.1308361291885376,0.0171180927010397
649,0.6162300109863281,0.5839455127716064,-0.03228449821472168,0.03228449821472168,0.0010422888249763673
650,0.6395819783210754,0.7705968022346497,0.13101482391357422,0.13101482391357422,0.01716488408510486
651,0.9205989837646484,0.9136406779289246,-0.006958305835723877,0.006958305835723877,4.841802010346896e-05
652,0.8686419725418091,0.8854197263717651,0.016777753829956055,0.016777753829956055,0.00028149302357860506
653,0.8703889846801758,0.8858850002288818,0.015496015548706055,0.015496015548706055,0.0002401264978857398
654,0.9229120016098022,0.8154057860374451,-0.10750621557235718,0.10750621557235718,0.011557586386690133
655,0.7051529884338379,0.6499183773994446,-0.05523461103439331,0.05523461103439331,0.0030508622561207233
656,0.8209319710731506,0.7694190740585327,-0.05151289701461792,0.05151289701461792,0.002653578558838632
657,0.6449480056762695,0.5864019989967346,-0.05854600667953491,0.05854600667953491,0.0034276348981201465
658,0.8162999749183655,0.8034958243370056,-0.012804150581359863,0.012804150581359863,0.00016394627211013812
659,0.7881460189819336,0.7352302074432373,-0.05291581153869629,0.05291581153869629,0.0028000831107988233
660,0.8793560266494751,0.8884042501449585,0.009048223495483398,0.009048223495483398,8.187034842421781e-05
661,0.4969229996204376,0.5711730718612671,0.07425007224082947,0.07425007224082947,0.005513073227768395
662,0.8105949759483337,0.630446195602417,-0.18014878034591675,0.18014878034591675,0.03245358306012136
663,0.8169090151786804,0.7449908256530762,-0.07191818952560425,0.07191818952560425,0.005172225984640733
664,0.5415589809417725,0.9209634065628052,0.3794044256210327,0.3794044256210327,0.14394771818082575
665,0.7677329778671265,0.8368268013000488,0.06909382343292236,0.06909382343292236,0.0047739564365798515
666,0.8065440058708191,0.9256714582443237,0.11912745237350464,0.11912745237350464,0.014191349909001616
667,0.7459149956703186,0.7930050492286682,0.04709005355834961,0.04709005355834961,0.0022174731441282347
668,0.6437780261039734,0.5913131833076477,-0.052464842796325684,0.052464842796325684,0.002752559729643167
