pc1,pc2,cluster,pc1_variance,pc2_variance
-1.9249111,-7.5550447,4,12.962002,9.390044
10.008959,-1.0883725,2,12.962002,9.390044
9.81752,1.060611,2,12.962002,9.390044
20.327284,-13.370676,5,12.962002,9.390044
5.117671,-3.236435,2,12.962002,9.390044
21.631857,-12.478259,5,12.962002,9.390044
10.317218,-7.3134503,2,12.962002,9.390044
-2.482371,3.1696365,0,12.962002,9.390044
4.3022103,13.728946,0,12.962002,9.390044
-3.8771856,5.7446313,0,12.962002,9.390044
-1.5694051,2.9963906,0,12.962002,9.390044
7.249636,2.9482327,2,12.962002,9.390044
-8.004368,-5.89206,4,12.962002,9.390044
-5.7074037,-3.9228287,4,12.962002,9.390044
13.3476515,-14.868715,5,12.962002,9.390044
-0.532191,9.712185,0,12.962002,9.390044
-1.5398942,-9.104415,4,12.962002,9.390044
-16.338305,-7.2944503,6,12.962002,9.390044
2.6038249,17.576757,3,12.962002,9.390044
18.972553,-7.061829,2,12.962002,9.390044
13.528754,-18.790674,5,12.962002,9.390044
21.57757,-0.159238,2,12.962002,9.390044
25.173058,-21.63899,1,12.962002,9.390044
-3.7189298,6.4786725,0,12.962002,9.390044
3.1318722,-10.415854,4,12.962002,9.390044
-0.14834945,-0.7072702,0,12.962002,9.390044
7.2418213,5.5165462,2,12.962002,9.390044
-4.086323,3.0589836,0,12.962002,9.390044
10.214349,13.771703,3,12.962002,9.390044
4.1005654,11.234037,0,12.962002,9.390044
7.932343,4.1919227,2,12.962002,9.390044
-5.95857,7.6607647,0,12.962002,9.390044
-15.317084,0.36686632,6,12.962002,9.390044
19.952011,-6.635785,5,12.962002,9.390044
2.4495888,-11.344693,4,12.962002,9.390044
2.3218296,3.1140895,0,12.962002,9.390044
-4.732846,-9.662321,4,12.962002,9.390044
9.318282,-1.9634401,2,12.962002,9.390044
-0.8539429,-7.2171617,4,12.962002,9.390044
0.23521924,3.7793221,0,12.962002,9.390044
4.4937563,13.925032,3,12.962002,9.390044
3.233051,-8.782505,4,12.962002,9.390044
7.274894,-7.0084224,4,12.962002,9.390044
-2.0389616,6.933004,0,12.962002,9.390044
-6.6120625,6.343173,0,12.962002,9.390044
-16.282093,13.2153425,0,12.962002,9.390044
-8.102063,-0.40487856,6,12.962002,9.390044
-17.432419,-6.8496127,6,12.962002,9.390044
-1.252301,-5.5197926,4,12.962002,9.390044
0.784591,7.4032636,0,12.962002,9.390044
0.058137078,-1.062166,0,12.962002,9.390044
-6.7950783,5.3290467,0,12.962002,9.390044
2.7692018,-5.0124464,4,12.962002,9.390044
4.487248,7.537941,0,12.962002,9.390044
4.151118,7.0732164,3,12.962002,9.390044
-0.16452491,-6.7079587,4,12.962002,9.390044
-1.7500683,3.8110013,0,12.962002,9.390044
14.975599,0.77032334,1,12.962002,9.390044
-1.2646147,3.214159,0,12.962002,9.390044
-5.591602,8.841418,0,12.962002,9.390044
12.047399,11.566173,3,12.962002,9.390044
7.9511228,-3.7378373,2,12.962002,9.390044
-2.9743187,5.501617,0,12.962002,9.390044
6.489019,15.104946,3,12.962002,9.390044
5.8975925,11.99517,3,12.962002,9.390044
16.474266,-5.507396,2,12.962002,9.390044
3.03992,-2.8023355,4,12.962002,9.390044
9.8660345,-18.676344,5,12.962002,9.390044
-11.580513,0.71273583,6,12.962002,9.390044
-14.623066,-3.103854,6,12.962002,9.390044
14.0877075,2.5356803,2,12.962002,9.390044
7.352927,15.117304,3,12.962002,9.390044
-16.73986,-3.2764463,6,12.962002,9.390044
-14.514278,-9.02495,6,12.962002,9.390044
5.0805345,0.9550581,2,12.962002,9.390044
18.982075,-0.7909118,2,12.962002,9.390044
6.292213,4.139799,2,12.962002,9.390044
17.25856,-14.612135,5,12.962002,9.390044
-9.391927,-1.569667,6,12.962002,9.390044
-13.050365,8.48259,6,12.962002,9.390044
-14.161794,-4.825117,6,12.962002,9.390044
-14.426828,-13.050159,6,12.962002,9.390044
11.793369,-20.440912,5,12.962002,9.390044
0.94088185,7.9367375,3,12.962002,9.390044
-7.3515654,6.797489,0,12.962002,9.390044
-19.74395,-8.250942,6,12.962002,9.390044
3.1081557,-13.426756,4,12.962002,9.390044
4.149283,6.4437494,3,12.962002,9.390044
10.937264,-1.8371726,2,12.962002,9.390044
-1.248779,6.3352838,0,12.962002,9.390044
-7.9177704,-1.6274874,6,12.962002,9.390044
20.478165,-8.168576,5,12.962002,9.390044
-3.2387793,3.5183592,0,12.962002,9.390044
17.258387,-2.1056626,2,12.962002,9.390044
-14.707425,1.5153983,6,12.962002,9.390044
5.0060067,-4.761851,2,12.962002,9.390044
-7.085627,-2.7722378,4,12.962002,9.390044
-6.13937,6.270592,0,12.962002,9.390044
-3.0134914,-13.81591,4,12.962002,9.390044
5.936714,17.822489,3,12.962002,9.390044
-4.8787274,11.020904,3,12.962002,9.390044
7.856197,-8.504916,2,12.962002,9.390044
11.940989,12.147572,3,12.962002,9.390044
5.437903,6.541628,0,12.962002,9.390044
-4.668935,3.532415,0,12.962002,9.390044
-10.370595,1.5754302,6,12.962002,9.390044
0.18796091,4.4274755,0,12.962002,9.390044
-1.1526691,-0.17006625,0,12.962002,9.390044
13.50316,-1.2515423,2,12.962002,9.390044
12.597707,-2.6583142,2,12.962002,9.390044
-3.6396935,5.6500297,0,12.962002,9.390044
2.1142144,8.745469,0,12.962002,9.390044
-1.0697663,1.0837069,0,12.962002,9.390044
-9.644479,13.71988,0,12.962002,9.390044
1.7640185,-2.5876007,4,12.962002,9.390044
4.0977845,9.698815,0,12.962002,9.390044
2.7266724,6.4863224,0,12.962002,9.390044
4.3242617,-1.7225442,2,12.962002,9.390044
-2.5830815,-8.995144,4,12.962002,9.390044
-1.1535692,-2.018101,0,12.962002,9.390044
-14.760139,-2.0566905,6,12.962002,9.390044
-9.875015,13.227432,0,12.962002,9.390044
5.6714573,3.7687519,0,12.962002,9.390044
-18.613295,-2.182006,6,12.962002,9.390044
10.774769,5.231204,2,12.962002,9.390044
9.695284,3.247356,2,12.962002,9.390044
5.8047237,6.405722,0,12.962002,9.390044
-4.253621,18.157543,7,12.962002,9.390044
2.1854918,-2.9761047,4,12.962002,9.390044
7.6149154,0.17591733,2,12.962002,9.390044
6.5062976,-8.982935,4,12.962002,9.390044
-20.579351,-8.821706,6,12.962002,9.390044
-12.196641,-4.0600495,6,12.962002,9.390044
-2.6381116,13.787302,0,12.962002,9.390044
2.8949332,1.4053379,0,12.962002,9.390044
-6.6915145,5.34614,0,12.962002,9.390044
2.5815141,6.802349,0,12.962002,9.390044
-3.4682248,-1.5111727,0,12.962002,9.390044
-33.82879,-28.610973,6,12.962002,9.390044
-6.8935184,-6.168542,6,12.962002,9.390044
-21.883226,-11.028581,6,12.962002,9.390044
-11.514271,-21.788162,4,12.962002,9.390044
-13.054189,-4.0768576,6,12.962002,9.390044
4.311813,3.8496907,0,12.962002,9.390044
-9.453445,8.834036,0,12.962002,9.390044
7.600221,-3.462346,2,12.962002,9.390044
-17.918661,-3.9929733,6,12.962002,9.390044
1.7526398,-3.957025,4,12.962002,9.390044
-5.3270907,1.4519367,6,12.962002,9.390044
-0.0035510124,9.568801,0,12.962002,9.390044
-22.310822,6.4806485,6,12.962002,9.390044
-5.3985777,8.573462,0,12.962002,9.390044
-4.8462434,2.81263,0,12.962002,9.390044
11.535496,-1.3887105,2,12.962002,9.390044
-5.7709174,4.64162,0,12.962002,9.390044
-18.682283,0.07858894,6,12.962002,9.390044
12.03513,0.13493225,2,12.962002,9.390044
6.8510714,4.575727,2,12.962002,9.390044
10.40174,-2.6511543,2,12.962002,9.390044
-4.741071,9.473127,0,12.962002,9.390044
5.840062,-8.7416115,4,12.962002,9.390044
-13.487889,-8.172595,6,12.962002,9.390044
-5.8665395,-11.928543,4,12.962002,9.390044
-7.569565,-3.788365,6,12.962002,9.390044
18.532827,-1.8689264,2,12.962002,9.390044
-2.8238604,3.6818187,0,12.962002,9.390044
-1.9255196,0.20824568,3,12.962002,9.390044
-12.657275,1.6633414,6,12.962002,9.390044
10.022685,-19.337208,5,12.962002,9.390044
-0.8409285,9.500694,0,12.962002,9.390044
-1.1960002,-17.891842,4,12.962002,9.390044
4.8323383,9.942765,0,12.962002,9.390044
-6.1734805,-11.022375,4,12.962002,9.390044
23.393116,-8.96399,2,12.962002,9.390044
-0.089902274,-11.8054905,4,12.962002,9.390044
13.0977955,-10.968472,2,12.962002,9.390044
-20.707573,-9.9076,6,12.962002,9.390044
-24.13368,-11.445639,6,12.962002,9.390044
3.00734,3.9380977,3,12.962002,9.390044
4.6892886,3.2474246,2,12.962002,9.390044
1.1412386,-2.3040266,4,12.962002,9.390044
-3.4571023,-0.9987399,4,12.962002,9.390044
8.41344,-1.923773,2,12.962002,9.390044
0.91058195,-1.0293003,0,12.962002,9.390044
-1.0414087,9.632069,0,12.962002,9.390044
7.2912197,3.5956569,2,12.962002,9.390044
-7.749792,2.2644517,0,12.962002,9.390044
-9.970624,-2.3506207,6,12.962002,9.390044
-10.529496,-4.0437074,6,12.962002,9.390044
-5.116965,8.507809,0,12.962002,9.390044
18.751617,3.2011776,2,12.962002,9.390044
-3.1425903,5.193231,0,12.962002,9.390044
17.90792,2.6555133,2,12.962002,9.390044
-1.4835083,4.8548174,0,12.962002,9.390044
-15.226001,-3.680872,6,12.962002,9.390044
-9.110125,5.683256,0,12.962002,9.390044
-5.908056,4.650652,0,12.962002,9.390044
-4.133334,-7.6948185,4,12.962002,9.390044
-1.0766987,-4.704919,4,12.962002,9.390044
-9.891172,8.198021,6,12.962002,9.390044
4.5624466,-5.1456056,4,12.962002,9.390044
1.4462606,7.4713063,0,12.962002,9.390044
-4.9251275,7.2777877,3,12.962002,9.390044
14.328331,-11.420684,1,12.962002,9.390044
-18.676586,-1.2521628,6,12.962002,9.390044
1.5643457,-13.044229,4,12.962002,9.390044
-2.487471,3.3946388,0,12.962002,9.390044
-21.073402,-12.729892,6,12.962002,9.390044
5.920706,-5.4678802,4,12.962002,9.390044
-3.423656,-8.563611,4,12.962002,9.390044
9.73545,-11.939132,2,12.962002,9.390044
-9.129388,1.1658235,0,12.962002,9.390044
9.672616,-4.1722255,2,12.962002,9.390044
2.1391118,2.3541408,3,12.962002,9.390044
5.714293,13.349698,3,12.962002,9.390044
-3.0153122,-12.773722,4,12.962002,9.390044
3.9759302,-10.250736,4,12.962002,9.390044
-9.639656,1.2634877,6,12.962002,9.390044
16.581142,-16.258862,5,12.962002,9.390044
-4.7085705,5.466886,0,12.962002,9.390044
-13.92791,1.8869272,6,12.962002,9.390044
-7.701243,3.906541,0,12.962002,9.390044
8.602856,17.669657,3,12.962002,9.390044
14.374088,1.5794244,2,12.962002,9.390044
10.06798,-8.276921,2,12.962002,9.390044
-4.4370303,-8.265353,4,12.962002,9.390044
-6.2023497,5.7715898,0,12.962002,9.390044
6.7324643,3.3277426,2,12.962002,9.390044
9.469755,3.8168805,2,12.962002,9.390044
10.064479,-2.210405,2,12.962002,9.390044
-0.26828206,2.338089,0,12.962002,9.390044
-10.329813,-1.3090883,6,12.962002,9.390044
9.67057,-2.8243663,2,12.962002,9.390044
-1.8279346,-14.842052,4,12.962002,9.390044
1.9724474,-15.068527,4,12.962002,9.390044
-11.958055,-10.485986,6,12.962002,9.390044
-3.9315906,5.412028,0,12.962002,9.390044
-30.13174,-10.581719,6,12.962002,9.390044
-2.1133597,-11.17332,4,12.962002,9.390044
-7.432801,5.411954,0,12.962002,9.390044
-8.69129,2.877191,6,12.962002,9.390044
3.8845282,0.20707157,2,12.962002,9.390044
-0.61548007,4.1585655,0,12.962002,9.390044
3.2550502,3.8310037,3,12.962002,9.390044
-2.244987,-15.898383,4,12.962002,9.390044
-9.294269,6.736068,0,12.962002,9.390044
-5.441529,0.49802303,0,12.962002,9.390044
-11.49709,-7.2772994,6,12.962002,9.390044
-13.430635,1.4475188,6,12.962002,9.390044
9.029846,2.4368482,2,12.962002,9.390044
-3.7106516,9.86205,0,12.962002,9.390044
4.1580896,2.683362,3,12.962002,9.390044
-5.2729034,8.212861,0,12.962002,9.390044
-8.530086,7.3902416,0,12.962002,9.390044
-2.5281553,-3.976933,4,12.962002,9.390044
-7.370339,7.812985,0,12.962002,9.390044
-0.43172902,9.700828,3,12.962002,9.390044
9.541957,-14.017775,4,12.962002,9.390044
9.745765,1.7954758,2,12.962002,9.390044
-2.606435,8.978624,0,12.962002,9.390044
-10.307974,0.006217969,6,12.962002,9.390044
7.167061,-7.7115793,4,12.962002,9.390044
-3.9590194,-5.235238,4,12.962002,9.390044
4.1878014,8.9362335,3,12.962002,9.390044
6.209898,10.802753,0,12.962002,9.390044
10.928685,0.9573725,2,12.962002,9.390044
10.3787985,-0.36086026,2,12.962002,9.390044
-8.499872,4.7645116,6,12.962002,9.390044
-11.518108,1.0525924,6,12.962002,9.390044
3.402665,13.972636,0,12.962002,9.390044
-5.653805,7.2799125,0,12.962002,9.390044
0.81529564,-13.214773,4,12.962002,9.390044
1.9175315,3.9369285,3,12.962002,9.390044
2.7177804,-2.3467817,4,12.962002,9.390044
3.3270535,-5.9356728,4,12.962002,9.390044
3.8300195,8.363428,3,12.962002,9.390044
0.58314705,10.767451,3,12.962002,9.390044
23.247066,-10.809488,5,12.962002,9.390044
3.7858741,2.1840801,3,12.962002,9.390044
15.914477,-0.921688,2,12.962002,9.390044
-4.108259,0.2980051,0,12.962002,9.390044
2.2787328,-2.5381143,4,12.962002,9.390044
-8.268434,1.3163391,6,12.962002,9.390044
-10.987962,-2.2646344,6,12.962002,9.390044
-10.253229,-1.5039598,6,12.962002,9.390044
-9.364629,-4.5086246,6,12.962002,9.390044
-15.301177,1.6609633,6,12.962002,9.390044
4.410647,-4.937541,4,12.962002,9.390044
15.047379,-8.166236,2,12.962002,9.390044
-5.2281036,6.8635635,0,12.962002,9.390044
-1.4095169,2.71445,0,12.962002,9.390044
2.8247085,7.9155116,3,12.962002,9.390044
18.71702,-10.421991,5,12.962002,9.390044
5.4410243,-10.986036,4,12.962002,9.390044
-11.9387665,0.8839023,6,12.962002,9.390044
4.246507,8.239423,0,12.962002,9.390044
-1.9670203,4.6442294,3,12.962002,9.390044
-2.261433,-8.81362,4,12.962002,9.390044
-6.5793767,0.8520991,0,12.962002,9.390044
-4.6812496,33.666027,7,12.962002,9.390044
-7.6769953,2.6322312,0,12.962002,9.390044
-0.5027809,0.65272534,3,12.962002,9.390044
-0.22004634,4.168751,0,12.962002,9.390044
19.216576,-4.5965095,2,12.962002,9.390044
-4.072647,6.2114234,0,12.962002,9.390044
14.060872,-0.5672084,2,12.962002,9.390044
4.622866,2.3169377,2,12.962002,9.390044
1.0901064,5.9438233,3,12.962002,9.390044
7.594934,4.563136,2,12.962002,9.390044
-14.51385,1.5223924,6,12.962002,9.390044
8.994551,-1.9915323,2,12.962002,9.390044
1.7005775,2.6240103,0,12.962002,9.390044
-14.19901,14.060334,0,12.962002,9.390044
-0.40043712,-10.470406,4,12.962002,9.390044
-20.17336,3.5020146,6,12.962002,9.390044
16.465168,1.5087806,2,12.962002,9.390044
-12.202001,-2.9558508,6,12.962002,9.390044
-1.7581729,-25.865694,1,12.962002,9.390044
-7.1388364,35.696075,7,12.962002,9.390044
-4.0456667,7.198631,0,12.962002,9.390044
20.968641,-3.0087388,2,12.962002,9.390044
5.348772,-5.479275,4,12.962002,9.390044
5.852964,5.5549407,0,12.962002,9.390044
8.989971,-17.486538,5,12.962002,9.390044
13.3492565,-0.32905024,2,12.962002,9.390044
-7.6752076,-6.8791304,4,12.962002,9.390044
-14.642291,-0.76829726,6,12.962002,9.390044
-0.8580551,2.9651282,0,12.962002,9.390044
-7.130665,7.556066,0,12.962002,9.390044
-7.741901,10.2250805,0,12.962002,9.390044
-14.183916,1.9128923,6,12.962002,9.390044
-18.894758,-9.675811,6,12.962002,9.390044
-4.8957415,10.652035,0,12.962002,9.390044
7.5686893,12.98524,3,12.962002,9.390044
2.3900306,-8.987441,4,12.962002,9.390044
4.5305614,10.246272,0,12.962002,9.390044
-21.160912,-9.830017,6,12.962002,9.390044
18.168516,1.4618748,2,12.962002,9.390044
1.7874321,11.167146,0,12.962002,9.390044
-1.4737848,6.474654,0,12.962002,9.390044
1.740606,-4.8821526,4,12.962002,9.390044
-8.106593,4.436046,0,12.962002,9.390044
0.027499758,8.723288,0,12.962002,9.390044
11.820687,11.096011,3,12.962002,9.390044
-10.629495,-0.2079724,6,12.962002,9.390044
0.5784493,-13.80587,4,12.962002,9.390044
-2.8257759,6.8955364,0,12.962002,9.390044
-7.8559203,-0.0042403876,0,12.962002,9.390044
5.5217943,14.05108,3,12.962002,9.390044
-8.951448,13.135027,0,12.962002,9.390044
-7.3123116,9.254849,0,12.962002,9.390044
-4.008769,1.6724911,3,12.962002,9.390044
-13.695717,-0.54051197,6,12.962002,9.390044
-3.651685,-10.802713,4,12.962002,9.390044
-3.892859,5.7158885,0,12.962002,9.390044
15.662852,-15.093282,5,12.962002,9.390044
-16.489817,3.437955,6,12.962002,9.390044
-4.053196,2.2572932,0,12.962002,9.390044
9.361143,-3.4619086,2,12.962002,9.390044
3.499459,-7.778419,4,12.962002,9.390044
-10.630758,4.820263,6,12.962002,9.390044
0.840612,11.117937,3,12.962002,9.390044
3.2606971,-4.1605062,4,12.962002,9.390044
18.371523,2.3615315,2,12.962002,9.390044
8.343507,1.4502438,2,12.962002,9.390044
-0.93821543,6.9035344,0,12.962002,9.390044
-2.1178033,0.7877875,3,12.962002,9.390044
-22.401386,-0.23904805,6,12.962002,9.390044
16.596415,-13.754192,5,12.962002,9.390044
-9.542216,8.282817,3,12.962002,9.390044
-11.079533,0.18293974,6,12.962002,9.390044
-7.907416,4.402153,0,12.962002,9.390044
-2.8472366,7.881117,0,12.962002,9.390044
5.715352,12.391876,3,12.962002,9.390044
13.524337,4.359578,2,12.962002,9.390044
-0.09739136,0.22843112,0,12.962002,9.390044
-10.86688,0.6734508,6,12.962002,9.390044
10.607806,-1.8228285,2,12.962002,9.390044
12.193629,-6.5342994,2,12.962002,9.390044
6.7527547,4.6125607,3,12.962002,9.390044
-9.891172,8.198021,6,12.962002,9.390044
3.363417,11.968273,3,12.962002,9.390044
-8.71736,-0.76846564,4,12.962002,9.390044
0.86746085,5.621388,0,12.962002,9.390044
10.34791,-1.7165476,2,12.962002,9.390044
17.090666,0.01552334,2,12.962002,9.390044
9.501645,-1.5178195,2,12.962002,9.390044
6.0787873,-5.9028544,2,12.962002,9.390044
-10.800611,-3.2072546,6,12.962002,9.390044
-5.5258174,-9.2724,4,12.962002,9.390044
-14.350471,-0.18080369,6,12.962002,9.390044
-2.0912023,2.6619093,0,12.962002,9.390044
12.941413,-4.0186663,2,12.962002,9.390044
-7.843014,1.1794395,0,12.962002,9.390044
5.13141,0.3351628,2,12.962002,9.390044
0.9690801,11.153306,3,12.962002,9.390044
-10.21804,15.389711,0,12.962002,9.390044
6.1995354,-6.926696,2,12.962002,9.390044
-5.132283,5.1917477,0,12.962002,9.390044
16.095768,15.677018,3,12.962002,9.390044
11.219933,0.19075353,2,12.962002,9.390044
5.7031293,7.063682,0,12.962002,9.390044
-6.854687,-0.2573106,0,12.962002,9.390044
1.6565613,-0.2563381,0,12.962002,9.390044
9.876818,4.002229,2,12.962002,9.390044
13.85648,-6.2150035,2,12.962002,9.390044
5.78422,14.841551,3,12.962002,9.390044
3.3543398,-15.099752,4,12.962002,9.390044
5.1734257,4.524327,2,12.962002,9.390044
-11.756146,-21.712278,4,12.962002,9.390044
-18.204016,-6.25104,6,12.962002,9.390044
-0.50872314,9.824894,0,12.962002,9.390044
-3.8930013,6.5513062,0,12.962002,9.390044
-10.067981,-3.087789,3,12.962002,9.390044
6.699852,-2.1105864,2,12.962002,9.390044
-3.9986098,5.410289,0,12.962002,9.390044
-0.7930704,5.9622927,0,12.962002,9.390044
4.171958,5.532984,0,12.962002,9.390044
6.9672527,15.231955,0,12.962002,9.390044
2.1345387,3.5351999,0,12.962002,9.390044
-3.8285136,3.1709683,0,12.962002,9.390044
-2.4815984,2.2909281,0,12.962002,9.390044
-12.360947,-9.120958,6,12.962002,9.390044
15.208624,-2.4563408,2,12.962002,9.390044
-8.450906,-2.7059379,6,12.962002,9.390044
-16.685625,4.1774697,6,12.962002,9.390044
15.640096,-14.498503,5,12.962002,9.390044
1.6989871,10.852941,3,12.962002,9.390044
12.765214,3.2900784,2,12.962002,9.390044
-8.257263,2.3894446,0,12.962002,9.390044
7.129274,-5.1977654,2,12.962002,9.390044
8.2341,4.5467057,2,12.962002,9.390044
4.149724,4.713762,0,12.962002,9.390044
-6.166323,2.3000288,0,12.962002,9.390044
7.9593267,-7.046562,2,12.962002,9.390044
-11.584764,0.7812607,6,12.962002,9.390044
-10.20026,-10.324681,6,12.962002,9.390044
1.2748747,-15.492104,4,12.962002,9.390044
12.25423,-0.7849244,2,12.962002,9.390044
5.840021,-3.4028566,1,12.962002,9.390044
-11.677787,-16.714933,4,12.962002,9.390044
-27.037098,-1.823248,6,12.962002,9.390044
9.603974,1.9443464,2,12.962002,9.390044
5.4937825,-5.566002,4,12.962002,9.390044
-2.8061578,-9.649985,4,12.962002,9.390044
17.900541,1.447363,2,12.962002,9.390044
9.842364,-1.3221979,2,12.962002,9.390044
-19.68721,-4.061123,6,12.962002,9.390044
1.7023809,-8.608534,4,12.962002,9.390044
4.50098,-12.71557,4,12.962002,9.390044
8.915909,16.029634,3,12.962002,9.390044
2.086943,7.2274156,3,12.962002,9.390044
-11.648698,4.1767683,6,12.962002,9.390044
-7.846916,1.7894286,0,12.962002,9.390044
10.124647,-0.79534835,2,12.962002,9.390044
3.9404118,-8.233201,4,12.962002,9.390044
-11.26843,3.848988,6,12.962002,9.390044
4.7831798,-4.397194,4,12.962002,9.390044
5.141779,-4.4669614,2,12.962002,9.390044
2.9198604,3.9189606,0,12.962002,9.390044
7.1736817,-5.4040837,2,12.962002,9.390044
8.014113,7.382591,2,12.962002,9.390044
4.5936203,-10.688215,4,12.962002,9.390044
2.9686706,14.170888,3,12.962002,9.390044
-0.9763614,4.622077,0,12.962002,9.390044
17.252563,-17.507183,5,12.962002,9.390044
-20.47033,-9.496505,6,12.962002,9.390044
4.850864,17.544966,3,12.962002,9.390044
6.2989388,-5.040078,2,12.962002,9.390044
-1.2666631,-0.4218816,0,12.962002,9.390044
-9.043544,-21.702942,4,12.962002,9.390044
3.8072994,11.605917,3,12.962002,9.390044
-1.6749886,-16.848555,4,12.962002,9.390044
-3.737597,7.2568746,0,12.962002,9.390044
-4.5082927,8.17232,0,12.962002,9.390044
3.1835222,14.585626,0,12.962002,9.390044
4.115541,-4.1336308,4,12.962002,9.390044
-1.5100403,-11.037703,4,12.962002,9.390044
10.434387,3.7196403,2,12.962002,9.390044
-3.7997584,6.657315,0,12.962002,9.390044
-0.62456286,-7.715151,4,12.962002,9.390044
-14.663714,-2.338487,6,12.962002,9.390044
6.412456,0.29267177,2,12.962002,9.390044
-8.792643,-5.6782517,4,12.962002,9.390044
8.857509,12.280697,3,12.962002,9.390044
0.47273302,7.951139,0,12.962002,9.390044
-3.3938081,10.86577,0,12.962002,9.390044
-6.3884287,9.249122,0,12.962002,9.390044
6.177998,4.92046,2,12.962002,9.390044
1.6410402,-15.978567,4,12.962002,9.390044
-0.7215728,6.96544,0,12.962002,9.390044
-9.050563,-2.114531,0,12.962002,9.390044
4.2052794,3.658509,3,12.962002,9.390044
-0.91533804,-13.331529,4,12.962002,9.390044
3.3888009,-1.4727656,2,12.962002,9.390044
-6.956574,2.5476515,0,12.962002,9.390044
-0.4608912,13.417289,3,12.962002,9.390044
8.420496,-6.394304,2,12.962002,9.390044
2.0609565,-11.265288,4,12.962002,9.390044
3.7876174,5.9264913,0,12.962002,9.390044
-13.477084,-1.5674639,6,12.962002,9.390044
-13.082281,-1.006101,6,12.962002,9.390044
-14.869607,-6.631806,6,12.962002,9.390044
9.143511,8.834639,3,12.962002,9.390044
-9.685147,9.57846,0,12.962002,9.390044
-2.2690866,11.07454,0,12.962002,9.390044
-19.842476,-1.6265068,6,12.962002,9.390044
5.623194,-4.876766,4,12.962002,9.390044
-4.523156,-0.725621,0,12.962002,9.390044
13.585458,-4.7633085,2,12.962002,9.390044
-5.5010185,-15.647996,4,12.962002,9.390044
-3.398786,-0.9745367,6,12.962002,9.390044
11.780669,-4.3013153,2,12.962002,9.390044
-3.124965,6.3640656,0,12.962002,9.390044
1.8816093,-2.4086673,4,12.962002,9.390044
5.00761,7.2479978,0,12.962002,9.390044
16.088745,0.3424486,2,12.962002,9.390044
4.4940643,1.7580936,3,12.962002,9.390044
10.251644,14.224793,3,12.962002,9.390044
0.7869826,5.02436,0,12.962002,9.390044
-6.0531034,10.337826,0,12.962002,9.390044
17.590275,1.4747416,2,12.962002,9.390044
1.2011293,-1.5039688,0,12.962002,9.390044
2.8587697,-10.823207,4,12.962002,9.390044
9.682183,13.734629,3,12.962002,9.390044
-6.2692976,-21.21999,1,12.962002,9.390044
4.041265,3.8826978,0,12.962002,9.390044
-5.2382107,7.2595067,3,12.962002,9.390044
13.879222,2.824012,2,12.962002,9.390044
-10.907268,6.4654517,0,12.962002,9.390044
-1.4939712,8.665481,0,12.962002,9.390044
20.156944,-12.525139,5,12.962002,9.390044
1.2060281,4.6557055,0,12.962002,9.390044
7.5713863,2.8717494,2,12.962002,9.390044
5.0571938,-14.612744,4,12.962002,9.390044
-2.1394434,7.884793,0,12.962002,9.390044
-5.5551667,1.4874372,0,12.962002,9.390044
-13.208174,4.021069,6,12.962002,9.390044
-3.7472055,1.9100474,0,12.962002,9.390044
-5.192688,0.5813059,0,12.962002,9.390044
0.5776457,-9.022265,4,12.962002,9.390044
5.4340734,-11.584386,4,12.962002,9.390044
3.7353632,-1.2749434,2,12.962002,9.390044
-13.619965,-16.304993,6,12.962002,9.390044
13.574372,-5.002221,2,12.962002,9.390044
-22.181114,-3.2042043,6,12.962002,9.390044
-5.0749974,5.0451407,0,12.962002,9.390044
-5.2836795,1.742998,3,12.962002,9.390044
0.8364918,7.835368,0,12.962002,9.390044
-15.002095,-1.6036029,6,12.962002,9.390044
15.563573,-1.3329332,2,12.962002,9.390044
10.680267,11.524887,3,12.962002,9.390044
4.865445,4.679228,0,12.962002,9.390044
-1.4835141,-6.317697,4,12.962002,9.390044
-12.961605,4.196331,6,12.962002,9.390044
-10.027737,2.6119833,6,12.962002,9.390044
32.042362,-16.901768,1,12.962002,9.390044
-10.645425,2.620438,6,12.962002,9.390044
-5.097355,-9.237982,4,12.962002,9.390044
-6.225137,2.5996664,3,12.962002,9.390044
15.892651,-2.4654284,2,12.962002,9.390044
21.33555,-12.261874,1,12.962002,9.390044
1.2534317,10.043104,3,12.962002,9.390044
-0.67589957,5.1338344,0,12.962002,9.390044
4.593814,-4.814753,4,12.962002,9.390044
11.466299,-0.10483999,2,12.962002,9.390044
-2.5685108,-4.5366406,4,12.962002,9.390044
14.037794,1.76098,2,12.962002,9.390044
-5.5009866,21.250525,7,12.962002,9.390044
-2.040351,7.305045,0,12.962002,9.390044
8.50003,2.5303285,2,12.962002,9.390044
10.034303,1.4731834,2,12.962002,9.390044
12.536795,2.265022,2,12.962002,9.390044
-4.393357,-6.561866,4,12.962002,9.390044
7.9147515,7.450669,2,12.962002,9.390044
4.8046,-0.6274692,2,12.962002,9.390044
4.827262,7.731123,0,12.962002,9.390044
-0.012398679,3.5964704,0,12.962002,9.390044
-9.114037,-0.87338006,4,12.962002,9.390044
-12.632608,0.6414308,6,12.962002,9.390044
-2.2943618,-9.691805,4,12.962002,9.390044
1.0319855,-5.591262,4,12.962002,9.390044
-1.1373444,7.850077,0,12.962002,9.390044
-0.88388485,-6.020118,4,12.962002,9.390044
9.227698,-16.484669,5,12.962002,9.390044
2.985293,4.8556523,3,12.962002,9.390044
-3.3923144,-9.535704,4,12.962002,9.390044
11.398827,1.4336942,2,12.962002,9.390044
4.063373,5.309724,0,12.962002,9.390044
-2.4564307,8.098796,0,12.962002,9.390044
5.0588584,-11.665629,4,12.962002,9.390044
3.7090476,-6.0510063,4,12.962002,9.390044
4.1140637,9.460901,0,12.962002,9.390044
-2.3021343,12.247464,0,12.962002,9.390044
-24.355087,-15.364616,6,12.962002,9.390044
-0.5539962,0.99546564,0,12.962002,9.390044
-8.218058,4.9886875,0,12.962002,9.390044
10.714734,-1.7824866,2,12.962002,9.390044
-2.8623421,8.975105,0,12.962002,9.390044
8.950519,5.66806,2,12.962002,9.390044
-21.382038,-13.17253,6,12.962002,9.390044
7.222758,-3.3900135,2,12.962002,9.390044
-7.1111255,0.9781458,0,12.962002,9.390044
0.8623936,-8.546141,4,12.962002,9.390044
2.9465098,13.93095,0,12.962002,9.390044
-7.610074,7.0599375,0,12.962002,9.390044
-16.217316,-3.4567237,6,12.962002,9.390044
-10.910311,-2.7476444,6,12.962002,9.390044
12.424249,-0.44441998,2,12.962002,9.390044
4.333429,8.15741,0,12.962002,9.390044
-0.18083572,6.0637445,3,12.962002,9.390044
18.123741,13.13002,3,12.962002,9.390044
-2.5849392,9.04894,0,12.962002,9.390044
15.648712,-0.29983824,2,12.962002,9.390044
-1.5181675,-14.59566,4,12.962002,9.390044
2.3895724,-8.109288,4,12.962002,9.390044
0.9041746,12.424343,0,12.962002,9.390044
-4.4165134,1.4774371,0,12.962002,9.390044
-8.836614,7.200588,0,12.962002,9.390044
3.8709044,-9.053659,4,12.962002,9.390044
2.0106504,6.2370048,0,12.962002,9.390044
0.798951,-7.216185,4,12.962002,9.390044
-16.540764,-1.6044989,6,12.962002,9.390044
-0.8289732,10.340276,3,12.962002,9.390044
10.949247,1.8482301,2,12.962002,9.390044
0.70484865,4.3430676,0,12.962002,9.390044
8.347126,-7.252402,2,12.962002,9.390044
4.051753,8.961064,0,12.962002,9.390044
-2.558202,1.7247537,0,12.962002,9.390044
12.706337,11.384307,3,12.962002,9.390044
11.731646,-7.5413733,2,12.962002,9.390044
7.6188374,8.44732,3,12.962002,9.390044
-5.745595,3.105976,0,12.962002,9.390044
-11.838586,-2.370838,6,12.962002,9.390044
20.028776,19.277138,3,12.962002,9.390044
-6.538246,-0.37979627,4,12.962002,9.390044
16.783909,-5.381545,2,12.962002,9.390044
1.28771,7.07958,0,12.962002,9.390044
-6.533678,5.0984883,0,12.962002,9.390044
-9.767684,-1.0117216,6,12.962002,9.390044
-14.376199,-16.827202,4,12.962002,9.390044
-15.3049,-1.7155151,6,12.962002,9.390044
5.595275,-2.5032854,2,12.962002,9.390044
-6.9061813,-0.97676057,0,12.962002,9.390044
-0.9906057,4.4145846,0,12.962002,9.390044
-12.275874,-1.7561332,6,12.962002,9.390044
11.507763,-2.4122672,2,12.962002,9.390044
-9.3649,-8.4769335,4,12.962002,9.390044
-1.9092429,-8.000339,4,12.962002,9.390044
7.0229244,1.6963613,2,12.962002,9.390044
11.171398,-14.413081,5,12.962002,9.390044
-6.392095,5.163499,3,12.962002,9.390044
0.7989228,6.235125,0,12.962002,9.390044
-2.3321393,-3.879868,4,12.962002,9.390044
3.238044,5.094124,0,12.962002,9.390044
1.2596537,6.6066947,0,12.962002,9.390044
-5.2252026,9.577322,0,12.962002,9.390044
4.361717,14.770169,0,12.962002,9.390044
-2.753116,8.497581,0,12.962002,9.390044
-8.328061,0.53573596,0,12.962002,9.390044
-10.550872,-1.3328705,6,12.962002,9.390044
-9.544903,-1.7530102,0,12.962002,9.390044
3.5168924,8.096534,0,12.962002,9.390044
6.1941614,3.4231036,2,12.962002,9.390044
3.7742317,-8.734277,4,12.962002,9.390044
16.315125,0.21522109,2,12.962002,9.390044
-11.58134,-3.479605,6,12.962002,9.390044
2.397122,-2.8260503,4,12.962002,9.390044
-8.354776,7.31013,0,12.962002,9.390044
-13.793051,-5.844075,6,12.962002,9.390044
10.174511,2.5546484,2,12.962002,9.390044
-1.0954568,5.3516417,0,12.962002,9.390044
15.247932,1.9691412,2,12.962002,9.390044
-4.9868026,-26.336073,1,12.962002,9.390044
-27.398872,1.73825,6,12.962002,9.390044
9.82254,-16.351274,5,12.962002,9.390044
12.6921625,-18.519495,5,12.962002,9.390044
9.916001,17.50563,3,12.962002,9.390044
-11.091321,1.5149388,6,12.962002,9.390044
6.9692326,-6.5661907,2,12.962002,9.390044
1.302176,-1.2940534,4,12.962002,9.390044
-14.24057,-5.590575,6,12.962002,9.390044
12.40834,-17.935787,5,12.962002,9.390044
-3.0099177,-8.697063,4,12.962002,9.390044
-8.561165,-0.84376335,6,12.962002,9.390044
15.395732,-3.688481,2,12.962002,9.390044
16.030561,0.52292687,2,12.962002,9.390044
5.709135,-6.2512994,2,12.962002,9.390044
-2.899047,-14.902592,4,12.962002,9.390044
8.07213,-1.143345,2,12.962002,9.390044
5.0138683,-5.9138064,4,12.962002,9.390044
-12.824485,-17.602036,4,12.962002,9.390044
-2.9491978,4.316399,0,12.962002,9.390044
12.015831,-1.4394394,2,12.962002,9.390044
-7.693133,-3.3923793,4,12.962002,9.390044
-20.570889,-9.080459,6,12.962002,9.390044
10.844301,-9.017498,2,12.962002,9.390044
19.075874,-14.854168,5,12.962002,9.390044
3.7582943,-2.6410708,2,12.962002,9.390044
-7.528282,-2.425825,6,12.962002,9.390044
-11.192976,3.736104,6,12.962002,9.390044
-32.877235,-29.656193,6,12.962002,9.390044
14.922675,-2.898823,2,12.962002,9.390044
17.77365,-1.1509411,2,12.962002,9.390044
9.735824,-1.876793,2,12.962002,9.390044
-26.868502,-23.739298,6,12.962002,9.390044
-5.330722,2.9170432,0,12.962002,9.390044
13.810001,-3.6632555,2,12.962002,9.390044
2.2701929,-3.587989,4,12.962002,9.390044
6.0938845,20.612638,3,12.962002,9.390044
-4.478738,8.002551,0,12.962002,9.390044
3.0384808,6.5991745,3,12.962002,9.390044
-3.0131636,-4.8005786,4,12.962002,9.390044
-11.855046,2.1485445,6,12.962002,9.390044
-4.3682194,3.432072,0,12.962002,9.390044
-5.187222,-13.707832,1,12.962002,9.390044
-4.6391354,2.2204792,0,12.962002,9.390044
-3.9800992,6.070528,0,12.962002,9.390044
4.91777,0.03303165,2,12.962002,9.390044
-6.6630015,7.897608,0,12.962002,9.390044
-0.23145978,7.5281963,3,12.962002,9.390044
-12.010994,1.3796265,6,12.962002,9.390044
14.245435,2.1534653,2,12.962002,9.390044
13.878213,-6.7306223,2,12.962002,9.390044
-2.122213,1.8034796,0,12.962002,9.390044
0.120269045,2.624524,0,12.962002,9.390044
26.045322,-16.173006,1,12.962002,9.390044
-16.40997,-4.4147596,6,12.962002,9.390044
-3.0016887,5.726371,0,12.962002,9.390044
5.9501195,2.8529036,2,12.962002,9.390044
-1.362465,1.1760368,0,12.962002,9.390044
-10.4885,-7.1867256,4,12.962002,9.390044
8.7274475,-1.4348967,2,12.962002,9.390044
-9.920209,1.985787,6,12.962002,9.390044
-6.8604746,3.969561,0,12.962002,9.390044
-8.956977,3.5562894,6,12.962002,9.390044
-3.3312297,5.67652,0,12.962002,9.390044
-3.1032834,4.348808,0,12.962002,9.390044
-1.6406941,1.7576982,0,12.962002,9.390044
-12.083235,5.379761,6,12.962002,9.390044
-14.564269,-0.59169215,6,12.962002,9.390044
10.624671,1.5858524,2,12.962002,9.390044
13.278153,-14.255085,5,12.962002,9.390044
-8.167986,2.2817547,3,12.962002,9.390044
-4.540226,2.6048746,0,12.962002,9.390044
-7.142921,-11.677703,4,12.962002,9.390044
-0.7505663,14.710403,3,12.962002,9.390044
22.240059,-9.900411,5,12.962002,9.390044
3.3453503,-0.45479116,2,12.962002,9.390044
-4.0225415,-11.511624,4,12.962002,9.390044
4.678584,-0.055570163,2,12.962002,9.390044
3.0376759,-1.5913765,2,12.962002,9.390044
2.0915935,8.701542,0,12.962002,9.390044
-11.225386,3.0126102,6,12.962002,9.390044
10.800923,11.582004,3,12.962002,9.390044
4.5514035,9.559075,0,12.962002,9.390044
