feature,feature_name,max_abs_weight_score
F224,feature_224,0.24859532713890076
F639,feature_639,0.23105637729167938
F312,feature_312,0.21968047320842743
F547,feature_547,0.2191709578037262
F221,feature_221,0.21818704903125763
F511,feature_511,0.2179827243089676
F128,feature_128,0.2175833135843277
F41,feature_41,0.2160084992647171
F220,feature_220,0.2135390043258667
F868,feature_868,0.21335500478744507
F520,feature_520,0.21217475831508636
F875,feature_875,0.20979422330856323
F344,feature_344,0.20974385738372803
F339,feature_339,0.2080446481704712
F300,feature_300,0.2063482254743576
F276,feature_276,0.20613527297973633
F905,feature_905,0.20445820689201355
F190,feature_190,0.20439448952674866
F92,feature_92,0.20404961705207825
F33,feature_33,0.20351551473140717
F928,feature_928,0.20324787497520447
F629,feature_629,0.20233549177646637
F98,feature_98,0.20168361067771912
F595,feature_595,0.20143674314022064
F177,feature_177,0.19966402649879456
F544,feature_544,0.1987738013267517
F45,feature_45,0.19793611764907837
F462,feature_462,0.19774764776229858
F451,feature_451,0.19681265950202942
F63,feature_63,0.19680249691009521
F445,feature_445,0.196742445230484
F350,feature_350,0.19616848230361938
F94,feature_94,0.19510361552238464
F437,feature_437,0.19434641301631927
F230,feature_230,0.1941307634115219
F65,feature_65,0.19349877536296844
F735,feature_735,0.19313672184944153
F983,feature_983,0.19187778234481812
F467,feature_467,0.1911003738641739
F264,feature_264,0.1909920573234558
F889,feature_889,0.19090573489665985
F859,feature_859,0.19088134169578552
F698,feature_698,0.19055429100990295
F593,feature_593,0.19050049781799316
F872,feature_872,0.19005106389522552
F440,feature_440,0.18984945118427277
F851,feature_851,0.18956933915615082
F400,feature_400,0.18899424374103546
F921,feature_921,0.18898172676563263
F358,feature_358,0.18859748542308807
F58,feature_58,0.18850132822990417
F588,feature_588,0.18841102719306946
F750,feature_750,0.18809115886688232
F488,feature_488,0.18786384165287018
F847,feature_847,0.18781785666942596
F555,feature_555,0.18752561509609222
F993,feature_993,0.18745610117912292
F22,feature_22,0.18730118870735168
F277,feature_277,0.18678903579711914
F483,feature_483,0.18645170331001282
F116,feature_116,0.1863613873720169
F181,feature_181,0.18563979864120483
F967,feature_967,0.18559515476226807
F173,feature_173,0.18427793681621552
F392,feature_392,0.18411323428153992
F662,feature_662,0.18357481062412262
F424,feature_424,0.18325459957122803
F206,feature_206,0.18323148787021637
F515,feature_515,0.18321098387241364
F620,feature_620,0.18292556703090668
F376,feature_376,0.18276172876358032
F640,feature_640,0.18274034559726715
F664,feature_664,0.1825043261051178
F636,feature_636,0.18228304386138916
F455,feature_455,0.18226632475852966
F37,feature_37,0.18226556479930878
F180,feature_180,0.18192462623119354
F522,feature_522,0.18168355524539948
F262,feature_262,0.181581512093544
F265,feature_265,0.18132439255714417
F259,feature_259,0.1809259057044983
F539,feature_539,0.1807599514722824
F794,feature_794,0.18061673641204834
F35,feature_35,0.18057440221309662
F770,feature_770,0.18038107454776764
F730,feature_730,0.18000061810016632
F726,feature_726,0.1798926293849945
F796,feature_796,0.17954711616039276
F31,feature_31,0.17947480082511902
F27,feature_27,0.17947371304035187
F854,feature_854,0.17919860780239105
F543,feature_543,0.1784452199935913
F597,feature_597,0.1780749261379242
F287,feature_287,0.17804820835590363
F633,feature_633,0.1779257208108902
F565,feature_565,0.17756813764572144
F166,feature_166,0.17748050391674042
F95,feature_95,0.17738647758960724
F137,feature_137,0.1766732633113861
F194,feature_194,0.17592571675777435
F295,feature_295,0.17587925493717194
F608,feature_608,0.1750939041376114
F198,feature_198,0.1750793308019638
F374,feature_374,0.17486615478992462
F815,feature_815,0.17480680346488953
F50,feature_50,0.17480146884918213
F995,feature_995,0.17474177479743958
F820,feature_820,0.1746627688407898
F784,feature_784,0.17450250685214996
F368,feature_368,0.17402276396751404
F93,feature_93,0.17388902604579926
F938,feature_938,0.17377105355262756
F298,feature_298,0.17352080345153809
F332,feature_332,0.17344266176223755
F134,feature_134,0.1733500212430954
F545,feature_545,0.17334000766277313
F886,feature_886,0.17301174998283386
F89,feature_89,0.1726812869310379
F776,feature_776,0.17260253429412842
F477,feature_477,0.17258356511592865
F140,feature_140,0.17257431149482727
F778,feature_778,0.1725286990404129
F599,feature_599,0.17252112925052643
F232,feature_232,0.17241354286670685
F430,feature_430,0.1724073439836502
F910,feature_910,0.1723972111940384
F40,feature_40,0.17222198843955994
F596,feature_596,0.17217566072940826
F591,feature_591,0.17216695845127106
F323,feature_323,0.17209424078464508
F124,feature_124,0.17190484702587128
F694,feature_694,0.17184895277023315
F315,feature_315,0.17180509865283966
F231,feature_231,0.1715191900730133
F773,feature_773,0.1715119183063507
F394,feature_394,0.1713813841342926
F292,feature_292,0.1711532473564148
F881,feature_881,0.17111976444721222
F804,feature_804,0.1711096316576004
F196,feature_196,0.17093178629875183
F375,feature_375,0.17055441439151764
F621,feature_621,0.170527383685112
F214,feature_214,0.1704627424478531
F154,feature_154,0.17006660997867584
F964,feature_964,0.16965089738368988
F687,feature_687,0.16937203705310822
F319,feature_319,0.16932137310504913
F290,feature_290,0.1691770851612091
F610,feature_610,0.168659508228302
F797,feature_797,0.16856034100055695
F962,feature_962,0.16855144500732422
F369,feature_369,0.1685447245836258
F711,feature_711,0.16851277649402618
F894,feature_894,0.16833378374576569
F896,feature_896,0.168172687292099
F732,feature_732,0.16817191243171692
F19,feature_19,0.16810846328735352
F971,feature_971,0.1680697798728943
F84,feature_84,0.1680677831172943
F704,feature_704,0.16803693771362305
F438,feature_438,0.1678069531917572
F563,feature_563,0.16780076920986176
F733,feature_733,0.16754183173179626
F845,feature_845,0.16750074923038483
F772,feature_772,0.16740219295024872
F79,feature_79,0.16729962825775146
F461,feature_461,0.16709567606449127
F848,feature_848,0.16702911257743835
F861,feature_861,0.16691435873508453
F671,feature_671,0.1668846607208252
F337,feature_337,0.16677747666835785
F372,feature_372,0.16641604900360107
F934,feature_934,0.16635756194591522
F598,feature_598,0.16614930331707
F421,feature_421,0.16607241332530975
F460,feature_460,0.1659235656261444
F654,feature_654,0.16590796411037445
F945,feature_945,0.1658821702003479
F594,feature_594,0.16574542224407196
F150,feature_150,0.16569150984287262
F475,feature_475,0.16515107452869415
F363,feature_363,0.16502681374549866
F937,feature_937,0.16496331989765167
F380,feature_380,0.16491012275218964
F837,feature_837,0.16477879881858826
F258,feature_258,0.16466671228408813
F471,feature_471,0.16437987983226776
F509,feature_509,0.16431525349617004
F676,feature_676,0.1641213744878769
F126,feature_126,0.16391846537590027
F399,feature_399,0.1636989861726761
F382,feature_382,0.16350306570529938
F944,feature_944,0.16338545083999634
F472,feature_472,0.16336371004581451
F857,feature_857,0.16315937042236328
F858,feature_858,0.1630682796239853
F70,feature_70,0.1629859060049057
F926,feature_926,0.1629173308610916
F752,feature_752,0.16289390623569489
F76,feature_76,0.16275154054164886
F531,feature_531,0.16269518435001373
F670,feature_670,0.16248932480812073
F405,feature_405,0.1623755544424057
F195,feature_195,0.16236789524555206
F818,feature_818,0.16234268248081207
F470,feature_470,0.1619158685207367
F865,feature_865,0.161875918507576
F669,feature_669,0.1618448942899704
F325,feature_325,0.1617722511291504
F485,feature_485,0.1617651879787445
F129,feature_129,0.1617039144039154
F855,feature_855,0.16154198348522186
F532,feature_532,0.1613331139087677
F856,feature_856,0.161249577999115
F294,feature_294,0.16122710704803467
F605,feature_605,0.16122259199619293
F943,feature_943,0.16112498939037323
F850,feature_850,0.1610725373029709
F570,feature_570,0.1609390377998352
F760,feature_760,0.16082337498664856
F930,feature_930,0.16072018444538116
F200,feature_200,0.16035880148410797
F428,feature_428,0.16031523048877716
F165,feature_165,0.160300612449646
F600,feature_600,0.16020475327968597
F12,feature_12,0.15987886488437653
F494,feature_494,0.15977251529693604
F974,feature_974,0.15950535237789154
F749,feature_749,0.1591794788837433
F5,feature_5,0.1590697318315506
F988,feature_988,0.15897805988788605
F954,feature_954,0.15894834697246552
F371,feature_371,0.15885178744792938
F744,feature_744,0.15882211923599243
F119,feature_119,0.15865539014339447
F241,feature_241,0.15842607617378235
F693,feature_693,0.15829534828662872
F501,feature_501,0.15799345076084137
F703,feature_703,0.15790751576423645
F775,feature_775,0.1577817052602768
F739,feature_739,0.15759322047233582
F568,feature_568,0.15757063031196594
F133,feature_133,0.1574482023715973
F708,feature_708,0.15743482112884521
F489,feature_489,0.15726275742053986
F249,feature_249,0.15690740942955017
F53,feature_53,0.1567751169204712
F976,feature_976,0.15676455199718475
F148,feature_148,0.15671981871128082
F965,feature_965,0.15641170740127563
F590,feature_590,0.1563423126935959
F562,feature_562,0.15627741813659668
F587,feature_587,0.15627217292785645
F480,feature_480,0.1562645584344864
F441,feature_441,0.15620246529579163
F650,feature_650,0.15606315433979034
F151,feature_151,0.1559707522392273
F764,feature_764,0.15595673024654388
F768,feature_768,0.15594080090522766
F852,feature_852,0.1559385359287262
F158,feature_158,0.15587186813354492
F907,feature_907,0.15585970878601074
F657,feature_657,0.15580813586711884
F373,feature_373,0.15577299892902374
F175,feature_175,0.15575933456420898
F474,feature_474,0.15571768581867218
F334,feature_334,0.15556825697422028
F992,feature_992,0.15556052327156067
F367,feature_367,0.1554744690656662
F155,feature_155,0.15531785786151886
F478,feature_478,0.15531402826309204
F512,feature_512,0.15523919463157654
F832,feature_832,0.15508031845092773
F786,feature_786,0.15506963431835175
F321,feature_321,0.15504726767539978
F217,feature_217,0.1550416350364685
F510,feature_510,0.15501496195793152
F956,feature_956,0.15494504570960999
F226,feature_226,0.1548716276884079
F123,feature_123,0.1547595113515854
F184,feature_184,0.15470722317695618
F753,feature_753,0.15467144548892975
F831,feature_831,0.15461032092571259
F834,feature_834,0.15451018512248993
F821,feature_821,0.15449291467666626
F286,feature_286,0.154473215341568
F638,feature_638,0.15441055595874786
F279,feature_279,0.15434971451759338
F69,feature_69,0.15428002178668976
F391,feature_391,0.1542484611272812
F561,feature_561,0.1539880931377411
F88,feature_88,0.1539236307144165
F56,feature_56,0.15391696989536285
F36,feature_36,0.1538591831922531
F99,feature_99,0.15371818840503693
F737,feature_737,0.15367724001407623
F695,feature_695,0.1536484658718109
F299,feature_299,0.15345783531665802
F281,feature_281,0.15344606339931488
F550,feature_550,0.15333066880702972
