122.0,11.0,255.0,0.513725488,0.999999993,0.651006707,7.0,4.0,1.0,1.0,4.815686275,8.0,0.0,0.0,0.0,0.0,1.0,0.0,-1.0,1300.0,243.875,1300.0,843300.0,286512.5,1300.0,3480.370953,2311.560464,1200.0,1200.0,1200.0,1.0,0.0,0.0,0.0,0.0,0.0,0.0,0.0,0.406638882,0.025012316,0.025065937,0.025000672,0.518282194,0.426515152,0.279545455,0.035294118,0.0,1.0,0.0,0.341666667,0.1,0.5,0.0,0.0,0.0,0.0,0.0,0.5,0.0
69.0,10.0,1242.0,0.442996742,0.999999999,0.662356321,4.0,4.0,1.0,0.0,4.547504026,4.0,0.0,0.0,0.0,0.0,0.0,1.0,-1.0,957.0,249.25,5700.0,843300.0,282950.0,2167.278572,3439.427971,2635.548468,1300.0,7500.0,2850.0,0.0,0.0,0.0,0.0,1.0,0.0,0.0,0.0,0.05000024,0.050000345,0.799997851,0.050000146,0.050001418,0.435738803,0.046803857,0.034621578,0.018518519,0.651515152,0.348484848,0.318151616,0.1,1.0,-0.340277778,-1.0,-0.05,0.9,-0.6,0.4,0.6
640.0,10.0,938.0,0.456684491,0.999999998,0.61129568,21.0,1.0,0.0,0.0,5.481876333,5.0,0.0,0.0,1.0,0.0,0.0,0.0,4.0,1200.0,507.4,1900.0,617900.0,216020.0,1167.363636,4826.19802,3228.943796,0.0,0.0,0.0,1.0,0.0,0.0,0.0,0.0,0.0,0.0,0.0,0.839999641,0.040000151,0.040000079,0.040000071,0.040000058,0.398205954,0.206937315,0.066098081,0.003198294,0.953846154,0.046153846,0.304515431,0.033333333,1.0,-0.215740741,-0.388888889,-0.125,0.5,0.5,0.0,0.5
64.0,13.0,286.0,0.583038867,0.999999994,0.749999996,6.0,2.0,1.0,1.0,4.363636364,7.0,0.0,0.0,0.0,0.0,1.0,0.0,-1.0,473.0,66.71428571,11700.0,843300.0,271728.5714,2063.938462,3436.25146,2752.335864,1300.0,1500.0,1400.0,0.0,0.0,1.0,0.0,0.0,0.0,0.0,0.0,0.028571498,0.60108836,0.028572689,0.028645808,0.313121645,0.486882716,0.12037037,0.055944056,0.020979021,0.727272727,0.272727273,0.359375,0.05,0.7,-0.416666667,-0.8,-0.1875,0.0,0.0,0.5,0.0
241.0,12.0,384.0,0.59408602,0.999999996,0.722891563,15.0,4.0,9.0,1.0,4.604166667,8.0,0.0,0.0,0.0,0.0,0.0,0.0,-1.0,1100.0,277.69875,8900.0,843300.0,442100.0,2960.0,7228.736095,4961.174105,1500.0,3100.0,2300.0,1.0,0.0,0.0,0.0,0.0,0.0,0.0,0.0,0.025627226,0.025007281,0.025037083,0.899139301,0.02518911,0.610434704,0.166761364,0.046875,0.015625,0.75,0.25,0.415909091,0.136363636,1.0,-0.491666667,-1.0,-0.2,0.357142857,0.0,0.142857143,0.0
664.0,7.0,177.0,0.594117644,0.99999999,0.721649477,3.0,3.0,15.0,1.0,4.169491525,10.0,0.0,0.0,0.0,0.0,1.0,0.0,217.0,2500.0,608.5555556,0.0,617900.0,87370.0,0.0,4305.201439,2763.619606,2800.0,6300.0,4550.0,0.0,0.0,0.0,0.0,1.0,0.0,0.0,0.0,0.020128259,0.176874966,0.020029618,0.02038428,0.762582877,0.418741259,0.158391608,0.050847458,0.0,1.0,0.0,0.251010101,0.136363636,0.5,0.0,0.0,0.0,0.0,0.0,0.5,0.0
520.0,5.0,356.0,0.566951565,0.999999996,0.653846151,8.0,2.0,1.0,0.0,5.084269663,5.0,0.0,0.0,0.0,0.0,1.0,0.0,4.0,378.0,126.8,13700.0,843300.0,221580.0,2679.154739,3596.4,3052.139851,0.0,0.0,0.0,0.0,1.0,0.0,0.0,0.0,0.0,0.0,0.0,0.040385835,0.040245138,0.242942783,0.040290412,0.636135832,0.37974026,0.108993506,0.028089888,0.014044944,0.666666667,0.333333333,0.265844156,0.1,0.5,-0.151111111,-0.3,-0.05,0.0,0.0,0.5,0.0
303.0,12.0,568.0,0.506172839,0.999999997,0.675757574,2.0,2.0,2.0,0.0,4.508802817,9.0,0.0,0.0,0.0,0.0,0.0,1.0,-1.0,550.0,164.7777778,3700.0,843300.0,212433.3333,1476.0,3578.493087,2815.768611,2100.0,2100.0,2100.0,0.0,1.0,0.0,0.0,0.0,0.0,0.0,0.0,0.022222532,0.022233203,0.383618721,0.022222447,0.549703097,0.49680295,0.14895182,0.045774648,0.01584507,0.742857143,0.257142857,0.331753247,0.1,0.6,-0.141820988,-0.333333333,-0.1,0.1,-0.1,0.4,0.1
37.0,9.0,258.0,0.737068962,0.999999994,0.857142852,9.0,3.0,1.0,20.0,4.914728682,10.0,0.0,0.0,0.0,1.0,0.0,0.0,-1.0,616.0,150.8,6500.0,843300.0,235240.0,1689.113208,5550.40167,3704.915378,1400.0,1400.0,1400.0,0.0,1.0,0.0,0.0,0.0,0.0,0.0,0.0,0.020474991,0.020008421,0.150945609,0.618547026,0.190023952,0.616468254,0.234589947,0.042635659,0.011627907,0.785714286,0.214285714,0.481601732,0.2,1.0,-0.308333333,-0.6,-0.125,0.0,0.0,0.5,0.0
33.0,13.0,0.0,0.0,0.0,0.0,0.0,0.0,1.0,1.0,0.0,6.0,0.0,0.0,0.0,0.0,0.0,0.0,-1.0,1000.0,237.4316667,25500.0,843300.0,601716.6667,3405.697196,6993.205177,5760.957538,0.0,0.0,0.0,0.0,0.0,0.0,0.0,0.0,1.0,0.0,1.0,0.035720989,0.033347086,0.033333526,0.864264966,0.033333434,0.0,0.0,0.0,0.0,0.0,0.0,0.0,0.0,0.0,0.0,0.0,0.0,0.0,0.0,0.5,0.0
616.0,9.0,528.0,0.487571701,0.999999997,0.632258062,6.0,4.0,1.0,1.0,4.522727273,8.0,0.0,0.0,0.0,0.0,1.0,0.0,4.0,634.0,363.0,0.0,690400.0,146612.5,0.0,3768.142857,2657.168208,3400.0,3400.0,3400.0,0.0,0.0,0.0,1.0,0.0,0.0,0.0,0.0,0.025090676,0.146618293,0.025006243,0.025001711,0.778283078,0.520534624,0.17493677,0.047348485,0.022727273,0.675675676,0.324324324,0.378904762,0.1,0.7,-0.188003663,-0.25,-0.071428571,0.0,0.0,0.5,0.0
29.0,14.0,362.0,0.562146891,0.999999995,0.742857139,6.0,5.0,2.0,0.0,4.67679558,6.0,0.0,0.0,1.0,0.0,0.0,0.0,-1.0,682.0,112.8333333,8400.0,843300.0,400983.3333,1396.949153,3399.331393,2764.114559,460.0,47700.0,12672.0,0.0,0.0,1.0,0.0,0.0,0.0,0.0,0.0,0.595423566,0.033335183,0.033348817,0.033333734,0.304558699,0.366996686,0.11646291,0.041436464,0.013812155,0.75,0.25,0.239209957,0.033333333,0.8,-0.138730159,-0.166666667,-0.071428571,0.066666667,0.033333333,0.433333333,0.033333333
37.0,7.0,359.0,0.615168538,0.999999995,0.770642198,7.0,2.0,3.0,0.0,4.710306407,10.0,0.0,0.0,0.0,0.0,1.0,0.0,-1.0,1200.0,185.0,7500.0,843300.0,236090.0,2527.517241,4857.142857,3422.542597,1900.0,1900.0,1900.0,0.0,1.0,0.0,0.0,0.0,0.0,0.0,0.0,0.020283205,0.020002673,0.02009151,0.020189668,0.919432944,0.501285714,0.178333333,0.04735376,0.013927577,0.772727273,0.227272727,0.349607843,0.05,0.6,-0.265,-0.5,-0.125,0.0,0.0,0.5,0.0
350.0,8.0,829.0,0.467722289,0.999999998,0.634538151,9.0,0.0,1.0,0.0,4.762364294,8.0,0.0,0.0,1.0,0.0,0.0,0.0,-1.0,810.0,170.3114286,0.0,843300.0,403675.0,0.0,5768.498958,3666.48206,0.0,0.0,0.0,0.0,0.0,0.0,1.0,0.0,0.0,0.0,0.0,0.623920745,0.025002401,0.025040408,0.025013359,0.301023086,0.457870168,0.027358546,0.026537998,0.02774427,0.488888889,0.511111111,0.384039256,0.0625,1.0,-0.288224638,-0.8,-0.05,0.0,0.0,0.5,0.0
132.0,12.0,516.0,0.532128513,0.999999997,0.626822156,8.0,3.0,8.0,2.0,4.515503876,4.0,0.0,1.0,0.0,0.0,0.0,0.0,-1.0,49.0,15.66666667,0.0,843300.0,321750.0,0.0,3734.381191,2583.923061,877.0,15800.0,8338.5,0.0,0.0,0.0,0.0,1.0,0.0,0.0,0.0,0.050006655,0.05287982,0.290195645,0.556914491,0.050003389,0.506564626,0.198061224,0.042635659,0.009689922,0.814814815,0.185185185,0.390854978,0.1,1.0,-0.173333333,-0.4,-0.05,0.454545455,0.136363636,0.045454545,0.136363636
629.0,10.0,203.0,0.545918365,0.999999991,0.628318579,8.0,5.0,1.0,0.0,4.083743842,7.0,0.0,0.0,0.0,0.0,1.0,0.0,4.0,578.0,364.0,2700.0,690400.0,154500.0,1224.6,3437.185628,2149.473681,798.0,2700.0,1566.0,0.0,0.0,0.0,0.0,1.0,0.0,0.0,0.0,0.028688615,0.028571955,0.028571968,0.028571701,0.885595761,0.640873016,0.175198413,0.039408867,0.014778325,0.727272727,0.272727273,0.384375,0.1,0.7,-0.207407407,-0.3,-0.155555556,0.0,0.0,0.5,0.0
407.0,9.0,211.0,0.676328499,0.999999992,0.838709671,4.0,0.0,1.0,1.0,4.834123223,10.0,0.0,0.0,0.0,0.0,0.0,1.0,-1.0,1300.0,386.1111111,0.0,843300.0,185490.0,0.0,4068.30094,2001.225496,0.0,0.0,0.0,0.0,0.0,1.0,0.0,0.0,0.0,0.0,0.0,0.120829729,0.120188812,0.50634779,0.020001089,0.232632581,0.396354167,0.213541667,0.047393365,0.009478673,0.833333333,0.166666667,0.364166667,0.1,0.6,-0.1125,-0.125,-0.1,0.0,0.0,0.5,0.0
63.0,17.0,453.0,0.548098433,0.999999996,0.718146715,13.0,0.0,2.0,0.0,4.814569536,8.0,0.0,0.0,0.0,0.0,0.0,1.0,-1.0,484.0,134.4285714,0.0,843300.0,283550.0,0.0,5139.6875,2281.856863,0.0,0.0,0.0,0.0,0.0,0.0,1.0,0.0,0.0,0.0,0.0,0.0250013,0.025001388,0.89999516,0.025000867,0.025001285,0.374702381,0.026785714,0.022075055,0.013245033,0.625,0.375,0.27,0.1,0.55,-0.320833333,-0.7,-0.1,0.25,0.0,0.25,0.0
136.0,15.0,1370.0,0.432981927,0.999999999,0.623115577,3.0,3.0,1.0,0.0,4.449635037,8.0,1.0,0.0,0.0,0.0,0.0,0.0,-1.0,934.0,155.265,0.0,843300.0,237612.5,0.0,4184.530538,2443.742699,1100.0,4900.0,2700.0,1.0,0.0,0.0,0.0,0.0,0.0,0.0,0.0,0.025170909,0.150764626,0.151471532,0.02503282,0.647560113,0.448287389,0.09783999,0.041605839,0.016788321,0.7125,0.2875,0.335642705,0.0625,0.8,-0.304554865,-0.8,-0.05,0.1,0.0,0.4,0.0
36.0,13.0,166.0,0.68944099,0.99999999,0.815533973,2.0,1.0,1.0,0.0,4.325301205,6.0,0.0,1.0,0.0,0.0,0.0,0.0,-1.0,489.0,166.6666667,951.0,843300.0,255508.5,743.0,6266.822581,3375.201165,1400.0,1400.0,1400.0,0.0,0.0,1.0,0.0,0.0,0.0,0.0,0.0,0.03333555,0.636622886,0.033333732,0.26337405,0.033333781,0.477314815,-0.088425926,0.048192771,0.048192771,0.5,0.5,0.2375,0.1,0.5,-0.436458333,-1.0,-0.1,0.75,-0.4,0.25,0.4
224.0,10.0,500.0,0.570539418,0.999999997,0.702531643,17.0,2.0,1.0,0.0,4.55,6.0,0.0,0.0,1.0,0.0,0.0,0.0,-1.0,831.0,211.118,0.0,843300.0,486033.3333,0.0,5521.546198,3048.921283,4300.0,8200.0,6250.0,0.0,0.0,0.0,1.0,0.0,0.0,0.0,0.0,0.539600628,0.360394153,0.033335164,0.033335343,0.033334714,0.436406423,0.106852159,0.04,0.03,0.571428571,0.428571429,0.4075,0.033333333,1.0,-0.233690476,-0.5,-0.025,1.0,0.5,0.5,0.5
707.0,9.0,215.0,0.518691586,0.999999992,0.663934421,4.0,2.0,1.0,0.0,4.325581395,7.0,0.0,0.0,0.0,0.0,1.0,0.0,217.0,469.0,317.4,0.0,69100.0,24200.0,0.0,3266.358974,1847.89095,0.0,0.0,0.0,0.0,0.0,0.0,1.0,0.0,0.0,0.0,0.0,0.028960226,0.02857847,0.02879219,0.028575509,0.885093606,0.388731061,0.037713068,0.046511628,0.018604651,0.714285714,0.285714286,0.129090909,0.1,0.136363636,-0.171875,-0.2,-0.1,0.0,0.0,0.5,0.0
100.0,13.0,894.0,0.437054631,0.999999998,0.569259961,39.0,3.0,25.0,0.0,4.725950783,7.0,0.0,1.0,0.0,0.0,0.0,0.0,-1.0,165.0,51.66666667,0.0,843300.0,229900.0,0.0,3813.172414,2904.754028,878.0,2200.0,1318.666667,0.0,1.0,0.0,0.0,0.0,0.0,0.0,0.0,0.253661793,0.029194512,0.028637938,0.65993381,0.028571947,0.478381643,-0.046532091,0.029082774,0.033557047,0.464285714,0.535714286,0.311263736,0.1,1.0,-0.360119048,-1.0,-0.125,0.571428571,0.357142857,0.071428571,0.357142857
52.0,14.0,347.0,0.56287425,0.999999996,0.675438594,8.0,2.0,1.0,0.0,4.858789625,6.0,0.0,0.0,0.0,0.0,0.0,1.0,-1.0,713.0,118.0,1900.0,843300.0,236750.0,1022.0,3415.489909,2167.889904,1200.0,1200.0,1200.0,1.0,0.0,0.0,0.0,0.0,0.0,0.0,0.0,0.033333871,0.033333668,0.866664129,0.033333507,0.033334825,0.344312169,0.070138889,0.017291066,0.014409222,0.545454545,0.454545455,0.25,0.1,0.4,-0.18,-0.4,-0.1,0.0,0.0,0.5,0.0
210.0,11.0,1214.0,0.406301824,0.999999999,0.604379561,19.0,0.0,3.0,0.0,4.961285008,10.0,0.0,0.0,0.0,0.0,1.0,0.0,-1.0,1900.0,341.7,1900.0,843300.0,229380.0,1900.0,4102.222222,2950.463509,0.0,0.0,0.0,0.0,0.0,0.0,1.0,0.0,0.0,0.0,0.0,0.0200033,0.02041129,0.519798174,0.020380906,0.419406329,0.452857898,0.127893763,0.037891269,0.017298188,0.686567164,0.313432836,0.387972661,0.0625,1.0,-0.25,-1.0,-0.05,0.75,0.75,0.25,0.75
161.0,11.0,141.0,0.678571424,0.999999988,0.853658526,3.0,2.0,1.0,1.0,4.553191489,8.0,0.0,0.0,0.0,0.0,0.0,0.0,-1.0,407.0,82.32375,93800.0,843300.0,590525.0,3511.757232,7199.154422,5287.616281,5800.0,5800.0,5800.0,0.0,0.0,0.0,1.0,0.0,0.0,0.0,0.0,0.025018523,0.025284297,0.025000373,0.899691149,0.025005658,0.308571429,0.187272727,0.028368794,0.0,1.0,0.0,0.359090909,0.1,0.7,0.0,0.0,0.0,0.8,0.5,0.3,0.5
169.0,13.0,207.0,0.539603958,0.999999993,0.639705878,3.0,3.0,1.0,1.0,4.632850242,7.0,0.0,1.0,0.0,0.0,0.0,0.0,-1.0,895.0,327.7142857,1900.0,843300.0,172557.1429,1289.25,5263.361446,2860.565714,3100.0,3100.0,3100.0,0.0,0.0,1.0,0.0,0.0,0.0,0.0,0.0,0.028572957,0.884964239,0.028572396,0.029318175,0.028572233,0.453921569,0.056862745,0.033816425,0.028985507,0.538461538,0.461538462,0.466666667,0.25,0.8,-0.383333333,-1.0,-0.125,0.0,0.0,0.5,0.0
432.0,10.0,734.0,0.535269709,0.999999998,0.738532108,16.0,0.0,1.0,1.0,4.58719346,10.0,0.0,0.0,0.0,0.0,0.0,1.0,4.0,675.0,202.5,675.0,843300.0,229397.5,675.0,5876.04,2997.50693,0.0,0.0,0.0,0.0,0.0,0.0,0.0,0.0,1.0,0.0,1.0,0.02018189,0.020021645,0.236971796,0.02002444,0.702800229,0.400105708,0.022938689,0.020435967,0.020435967,0.5,0.5,0.394090909,0.1,1.0,-0.334166667,-0.8,-0.05,0.0,0.0,0.5,0.0
225.0,12.0,453.0,0.57494407,0.999999996,0.787148591,0.0,0.0,4.0,0.0,4.602649007,7.0,0.0,0.0,0.0,0.0,0.0,1.0,-1.0,357.0,87.57142857,10900.0,843300.0,332900.0,1296.785714,3603.922921,2475.108285,0.0,0.0,0.0,0.0,0.0,1.0,0.0,0.0,0.0,0.0,0.0,0.028571491,0.028571462,0.885698517,0.028571766,0.028586765,0.503971861,0.287965368,0.048565121,0.008830022,0.846153846,0.153846154,0.462865014,0.1,1.0,-0.279166667,-0.6,-0.15,0.45,0.35,0.05,0.35
605.0,8.0,206.0,0.644670047,0.999999992,0.763779522,5.0,0.0,1.0,0.0,4.446601942,8.0,1.0,0.0,0.0,0.0,0.0,0.0,4.0,1100.0,434.875,18100.0,690400.0,149887.5,2346.676301,4787.5,3280.672362,0.0,0.0,0.0,1.0,0.0,0.0,0.0,0.0,0.0,0.0,0.0,0.02511888,0.025001783,0.025022705,0.02502178,0.899834853,0.404551467,0.197522848,0.048543689,0.004854369,0.909090909,0.090909091,0.368041126,0.136363636,1.0,-0.125,-0.125,-0.125,0.5,0.0,0.0,0.0
192.0,9.0,1117.0,0.462522851,0.999999998,0.679687499,5.0,2.0,4.0,0.0,4.904207699,5.0,0.0,0.0,0.0,0.0,0.0,1.0,-1.0,596.0,233.2,12200.0,843300.0,224720.0,1484.763285,4495.859504,2841.494175,990.0,1500.0,1245.0,1.0,0.0,0.0,0.0,0.0,0.0,0.0,0.0,0.040027818,0.040017807,0.839879464,0.04000254,0.040072371,0.349583613,0.013930807,0.022381379,0.023276634,0.490196078,0.509803922,0.348285714,0.05,0.7,-0.29107906,-1.0,-0.05,0.0,0.0,0.5,0.0
709.0,11.0,305.0,0.589403972,0.999999994,0.739884389,5.0,1.0,0.0,0.0,4.701639344,9.0,1.0,0.0,0.0,0.0,0.0,0.0,217.0,618.0,393.0,0.0,51900.0,20600.0,0.0,4430.142857,2207.300587,0.0,0.0,0.0,0.0,1.0,0.0,0.0,0.0,0.0,0.0,0.0,0.02268025,0.022517136,0.022334251,0.144936147,0.787532216,0.541910603,0.047643098,0.026229508,0.013114754,0.666666667,0.333333333,0.365340909,0.1,0.75,-0.480555556,-0.8,-0.155555556,0.0,0.0,0.5,0.0
521.0,8.0,243.0,0.601659749,0.999999993,0.762237757,6.0,2.0,1.0,0.0,4.765432099,7.0,0.0,0.0,0.0,1.0,0.0,0.0,4.0,399.0,156.2857143,6000.0,843300.0,326985.7143,2166.119403,7625.704261,3631.887121,4000.0,4000.0,4000.0,1.0,0.0,0.0,0.0,0.0,0.0,0.0,0.0,0.419384249,0.028613053,0.341969797,0.181459105,0.028573795,0.375757576,0.020454545,0.016460905,0.012345679,0.571428571,0.428571429,0.3125,0.05,0.6,-0.316666667,-0.7,-0.125,0.0,0.0,0.5,0.0
700.0,7.0,142.0,0.730496449,0.999999989,0.850574703,7.0,5.0,0.0,1.0,4.528169014,7.0,0.0,0.0,0.0,0.0,1.0,0.0,217.0,405.0,303.8333333,0.0,69100.0,36200.0,0.0,2828.994832,2190.023196,0.0,0.0,0.0,0.0,0.0,0.0,1.0,0.0,0.0,0.0,0.0,0.02868741,0.028696062,0.028599777,0.454210083,0.459806668,0.555324074,-0.079166667,0.035211268,0.042253521,0.454545455,0.545454545,0.44,0.166666667,0.7,-0.469444444,-1.0,-0.125,0.375,-0.125,0.125,0.125
665.0,10.0,1020.0,0.480276134,0.999999998,0.684654299,15.0,6.0,1.0,0.0,4.706862745,8.0,0.0,0.0,1.0,0.0,0.0,0.0,217.0,1000.0,456.3333333,0.0,617900.0,106225.0,0.0,3928.270588,1960.257808,909.0,5100.0,2361.8,0.0,0.0,0.0,1.0,0.0,0.0,0.0,0.0,0.349775457,0.025129372,0.270760961,0.025116955,0.329217256,0.417092585,0.10911011,0.044117647,0.018627451,0.703125,0.296875,0.360679413,0.033333333,0.75,-0.220614035,-0.8,-0.05,0.619444444,0.297222222,0.119444444,0.297222222
118.0,11.0,0.0,0.0,0.0,0.0,0.0,0.0,0.0,1.0,0.0,3.0,0.0,0.0,0.0,1.0,0.0,0.0,-1.0,724.0,361.5,0.0,843300.0,289000.0,0.0,4556.636364,2680.518664,0.0,0.0,0.0,0.0,0.0,0.0,0.0,1.0,0.0,0.0,0.0,0.066671191,0.066670621,0.73288432,0.067105461,0.066668408,0.0,0.0,0.0,0.0,0.0,0.0,0.0,0.0,0.0,0.0,0.0,0.0,0.0,0.0,0.5,0.0
199.0,8.0,850.0,0.426886792,0.999999998,0.599999999,11.0,0.0,1.0,0.0,4.744705882,8.0,0.0,0.0,1.0,0.0,0.0,0.0,-1.0,603.0,129.5,14000.0,843300.0,257212.5,2450.665007,5081.747525,3605.351781,0.0,0.0,0.0,1.0,0.0,0.0,0.0,0.0,0.0,0.0,0.0,0.899536519,0.025000133,0.025002917,0.02537306,0.02508737,0.362139542,0.130666154,0.050588235,0.012941176,0.796296296,0.203703704,0.321254908,0.033333333,1.0,-0.213636364,-0.4,-0.05,0.0,0.0,0.5,0.0
490.0,7.0,604.0,0.460898502,0.999999997,0.651026391,4.0,4.0,9.0,0.0,4.380794702,6.0,0.0,1.0,0.0,0.0,0.0,0.0,4.0,51.0,37.25,0.0,843300.0,189500.0,0.0,3255.382426,1961.054158,756.0,2700.0,1728.0,0.0,0.0,0.0,1.0,0.0,0.0,0.0,0.0,0.033335827,0.866546415,0.033335027,0.033403371,0.03337936,0.426036866,0.097330156,0.051324503,0.024834437,0.673913043,0.326086957,0.349095797,0.1,0.9,-0.274722222,-1.0,-0.025,0.0,0.0,0.5,0.0
43.0,13.0,894.0,0.504514672,0.999999998,0.721904761,2.0,1.0,4.0,0.0,4.492170022,6.0,1.0,0.0,0.0,0.0,0.0,0.0,-1.0,0.0,-1.0,0.0,843300.0,235450.0,0.0,4131.727399,1899.775401,1600.0,1600.0,1600.0,0.0,0.0,1.0,0.0,0.0,0.0,0.0,0.0,0.865778592,0.033339603,0.033389383,0.033409322,0.0340831,0.512858924,0.116369337,0.049217002,0.022371365,0.6875,0.3125,0.362987997,0.05,0.9,-0.269027778,-1.0,-0.05,0.227272727,0.118181818,0.272727273,0.118181818
708.0,8.0,962.0,0.503657262,0.999999998,0.706896551,21.0,0.0,1.0,0.0,4.844074844,9.0,0.0,0.0,0.0,1.0,0.0,0.0,217.0,862.0,456.0,0.0,51900.0,19777.77778,0.0,3853.568,1903.165183,0.0,0.0,0.0,0.0,0.0,1.0,0.0,0.0,0.0,0.0,0.0,0.281144783,0.022437102,0.022360484,0.539506305,0.134551327,0.496610042,0.133512284,0.04989605,0.018711019,0.727272727,0.272727273,0.350968164,0.033333333,0.9,-0.370083774,-0.8,-0.05,0.0,0.0,0.5,0.0
393.0,8.0,242.0,0.566666664,0.999999993,0.720279715,6.0,3.0,1.0,0.0,4.888429752,4.0,0.0,0.0,1.0,0.0,0.0,0.0,-1.0,535.0,171.3975,2700.0,843300.0,408125.0,1163.12,3462.11831,2556.309187,943.0,2000.0,1471.5,0.0,0.0,1.0,0.0,0.0,0.0,0.0,0.0,0.799999067,0.050000334,0.050000373,0.050000042,0.050000183,0.338271605,0.042746914,0.024793388,0.016528926,0.6,0.4,0.383333333,0.1,0.6,-0.195138889,-0.4,-0.1,0.0,0.0,0.5,0.0
440.0,11.0,463.0,0.554083884,0.999999996,0.706713778,9.0,0.0,1.0,0.0,4.870410367,9.0,0.0,0.0,0.0,0.0,0.0,1.0,4.0,245.0,79.77777778,6600.0,843300.0,195266.6667,1510.285714,3705.272727,2510.060641,0.0,0.0,0.0,0.0,0.0,0.0,0.0,1.0,0.0,0.0,0.0,0.022222437,0.022222336,0.911093844,0.022222914,0.022238469,0.445003367,0.078693603,0.034557235,0.01511879,0.695652174,0.304347826,0.233001894,0.1,0.6,-0.163888889,-0.3,-0.066666667,0.695,0.065,0.195,0.065
155.0,10.0,212.0,0.582938386,0.999999993,0.597315432,12.0,4.0,5.0,0.0,4.891509434,10.0,0.0,0.0,0.0,0.0,0.0,0.0,-1.0,1800.0,299.7,5700.0,843300.0,248710.0,2836.9,6775.894444,4358.122241,3000.0,3000.0,3000.0,0.0,0.0,1.0,0.0,0.0,0.0,0.0,0.0,0.020236908,0.127168609,0.020000502,0.812593591,0.020000389,0.306574675,0.079383117,0.047169811,0.018867925,0.714285714,0.285714286,0.352272727,0.136363636,0.5,-0.325,-0.5,-0.25,0.125,0.0,0.375,0.0
135.0,9.0,0.0,0.0,0.0,0.0,0.0,0.0,1.0,1.0,0.0,6.0,0.0,0.0,0.0,0.0,0.0,0.0,-1.0,310.0,86.43166667,53100.0,843300.0,581733.3333,3485.244418,7128.624295,5280.069989,0.0,0.0,0.0,0.0,1.0,0.0,0.0,0.0,0.0,0.0,0.0,0.03333349,0.033346924,0.033372528,0.86655999,0.033387068,0.0,0.0,0.0,0.0,0.0,0.0,0.0,0.0,0.0,0.0,0.0,0.0,0.0,0.0,0.5,0.0
594.0,7.0,148.0,0.673469383,0.999999988,0.821428562,1.0,0.0,0.0,1.0,4.837837838,4.0,0.0,0.0,0.0,0.0,0.0,1.0,4.0,1100.0,332.0,6700.0,690400.0,341300.0,2155.174201,3366.666667,2995.534822,0.0,0.0,0.0,0.0,0.0,0.0,0.0,1.0,0.0,0.0,0.0,0.050000172,0.050000057,0.799996106,0.05000015,0.050003514,0.467261905,0.085714286,0.040540541,0.013513514,0.75,0.25,0.263095238,0.1,0.5,-0.275,-0.5,-0.05,1.0,-0.5,0.5,0.5
346.0,13.0,345.0,0.551928782,0.999999995,0.718894006,9.0,3.0,2.0,0.0,4.747826087,7.0,0.0,0.0,0.0,0.0,1.0,0.0,-1.0,1100.0,396.2,0.0,843300.0,151285.7143,0.0,3574.804905,1820.554421,828.0,5200.0,3014.0,1.0,0.0,0.0,0.0,0.0,0.0,0.0,0.0,0.02858967,0.028580066,0.172784708,0.028576389,0.741469166,0.520089672,0.12512214,0.066666667,0.028985507,0.696969697,0.303030303,0.288953981,0.0625,0.75,-0.179166667,-0.5,-0.125,0.4,-0.15,0.1,0.15
387.0,11.0,751.0,0.475476839,0.999999998,0.667441859,25.0,6.0,17.0,1.0,4.736351531,10.0,0.0,0.0,0.0,0.0,0.0,0.0,-1.0,2600.0,439.577,7900.0,843300.0,373280.0,2329.117647,11070.9238,5421.278432,1300.0,1300.0,1300.0,0.0,1.0,0.0,0.0,0.0,0.0,0.0,0.0,0.020002707,0.174399243,0.020000255,0.765560426,0.020037368,0.562832318,0.177170922,0.047936085,0.015978695,0.75,0.25,0.450829726,0.1,1.0,-0.40014881,-0.714285714,-0.05,0.0,0.0,0.5,0.0
232.0,10.0,160.0,0.647798738,0.99999999,0.789999992,8.0,3.0,4.0,0.0,4.69375,6.0,0.0,0.0,0.0,0.0,0.0,0.0,-1.0,864.0,187.5,57000.0,843300.0,478950.0,3582.221409,10627.27778,6443.099845,16600.0,16600.0,16600.0,0.0,0.0,1.0,0.0,0.0,0.0,0.0,0.0,0.034416489,0.033434618,0.033340649,0.865474559,0.033333685,0.490625,0.277604167,0.11875,0.03125,0.791666667,0.208333333,0.418421053,0.2,1.0,-0.2975,-0.5,-0.1875,0.2,0.3,0.3,0.3
191.0,12.0,527.0,0.51663405,0.999999996,0.706713778,1.0,1.0,1.0,0.0,4.434535104,5.0,0.0,1.0,0.0,0.0,0.0,0.0,-1.0,543.0,125.0,20700.0,843300.0,309440.0,2582.389163,3545.473809,3031.420153,1500.0,1500.0,1500.0,0.0,1.0,0.0,0.0,0.0,0.0,0.0,0.0,0.040004119,0.381007898,0.498173804,0.040814137,0.040000042,0.527582274,0.135633553,0.058823529,0.020872865,0.738095238,0.261904762,0.403323558,0.05,1.0,-0.348863636,-0.5,-0.05,0.0,0.0,0.5,0.0
162.0,7.0,139.0,0.656716413,0.999999987,0.769230759,10.0,4.0,0.0,1.0,4.589928058,8.0,0.0,0.0,1.0,0.0,0.0,0.0,-1.0,2100.0,341.625,5600.0,843300.0,261125.0,2379.470588,4623.493473,3580.766797,2100.0,5600.0,3266.666667,0.0,0.0,1.0,0.0,0.0,0.0,0.0,0.0,0.899859001,0.025001994,0.025000581,0.025053985,0.025084439,0.465079365,0.204761905,0.028776978,0.007194245,0.8,0.2,0.4,0.1,0.5,-0.166666667,-0.166666667,-0.166666667,0.0,0.0,0.5,0.0
523.0,8.0,215.0,0.661691539,0.999999993,0.719424455,10.0,3.0,0.0,1.0,4.874418605,8.0,0.0,1.0,0.0,0.0,0.0,0.0,4.0,1200.0,230.0,0.0,843300.0,361937.5,0.0,18050.0,4685.354544,1500.0,1500.0,1500.0,0.0,0.0,0.0,0.0,0.0,1.0,0.0,1.0,0.150148098,0.278069961,0.025001264,0.521779364,0.025001313,0.591666667,0.205555556,0.027906977,0.009302326,0.75,0.25,0.379166667,0.2,0.5,-0.1125,-0.125,-0.1,0.0,0.0,0.5,0.0
209.0,8.0,574.0,0.553359683,0.999999997,0.635170602,78.0,5.0,2.0,1.0,5.409407666,8.0,0.0,0.0,0.0,0.0,0.0,0.0,-1.0,863.0,325.25,715.0,843300.0,293851.875,715.0,8488.930481,5491.411224,3000.0,3500.0,3250.0,0.0,0.0,0.0,0.0,1.0,0.0,0.0,0.0,0.025273585,0.025456093,0.025000364,0.762259396,0.162010562,0.655762411,-0.352358156,0.027874564,0.059233449,0.32,0.68,0.426041667,0.166666667,0.7,-0.515808824,-1.0,-0.15,0.4,-0.4,0.1,0.4
225.0,9.0,179.0,0.63953488,0.999999991,0.726415087,6.0,0.0,0.0,1.0,4.648044693,4.0,0.0,0.0,0.0,0.0,1.0,0.0,-1.0,217.0,71.66666667,0.0,843300.0,381200.0,0.0,3576.326436,2213.056178,0.0,0.0,0.0,0.0,0.0,1.0,0.0,0.0,0.0,0.0,0.0,0.05000303,0.300677539,0.050003359,0.050002046,0.549314026,0.628125,0.1875,0.027932961,0.005586592,0.833333333,0.166666667,0.3,0.2,0.5,-0.1,-0.1,-0.1,0.0,0.0,0.5,0.0
612.0,12.0,174.0,0.612716759,0.999999992,0.661157019,11.0,2.0,7.0,1.0,4.867816092,6.0,0.0,0.0,0.0,0.0,0.0,0.0,4.0,5200.0,1060.333333,5200.0,690400.0,429083.3333,3408.49414,5569.014337,4673.868094,3700.0,5300.0,4500.0,1.0,0.0,0.0,0.0,0.0,0.0,0.0,0.0,0.033336736,0.373338741,0.033437684,0.526551968,0.033334871,0.590816327,0.055102041,0.022988506,0.005747126,0.8,0.2,0.221428571,0.1,0.4,-0.5,-0.5,-0.5,1.0,0.1,0.5,0.1
646.0,6.0,673.0,0.433082706,0.999999997,0.619302947,9.0,9.0,9.0,0.0,4.485884101,7.0,0.0,0.0,0.0,0.0,1.0,0.0,4.0,462.0,308.7142857,5000.0,617900.0,109642.8571,1756.8125,3361.648956,2579.156185,1500.0,5700.0,2837.5,0.0,1.0,0.0,0.0,0.0,0.0,0.0,0.0,0.028580593,0.02857199,0.028575475,0.028571532,0.88570041,0.495564738,0.169269972,0.049034175,0.008915305,0.846153846,0.153846154,0.403673095,0.033333333,1.0,-0.545833333,-0.8,-0.125,0.0,0.0,0.5,0.0
340.0,12.0,674.0,0.458015266,0.999999997,0.635897434,16.0,2.0,7.0,0.0,4.5,8.0,0.0,0.0,0.0,0.0,1.0,0.0,-1.0,410.0,107.0,54100.0,843300.0,231662.5,2680.553737,4623.810924,3554.306858,4900.0,37800.0,21350.0,0.0,0.0,0.0,0.0,0.0,0.0,1.0,1.0,0.025668442,0.02520408,0.025015001,0.1550433,0.769069178,0.505755645,0.221586184,0.068249258,0.011869436,0.851851852,0.148148148,0.440926501,0.05,1.0,-0.3875,-0.7,-0.15,1.0,0.6,0.5,0.6
36.0,12.0,615.0,0.537521814,0.999999998,0.616504853,42.0,4.0,1.0,36.0,4.920325203,9.0,0.0,1.0,0.0,0.0,0.0,0.0,-1.0,1600.0,227.0655556,2500.0,843300.0,341044.4444,1465.692308,6932.138936,3820.509424,1400.0,2100.0,1750.0,0.0,0.0,1.0,0.0,0.0,0.0,0.0,0.0,0.022225829,0.02249178,0.132633711,0.800425933,0.022222747,0.594767116,0.305976431,0.024390244,0.004878049,0.833333333,0.166666667,0.615757576,0.1,1.0,-0.366666667,-0.6,-0.1875,0.0,0.0,0.5,0.0
471.0,10.0,1106.0,0.430009149,0.999999998,0.673366833,8.0,1.0,1.0,0.0,4.704339964,9.0,0.0,0.0,1.0,0.0,0.0,0.0,4.0,716.0,167.0,0.0,843300.0,222844.4444,0.0,7308.25,2848.035176,5800.0,5800.0,5800.0,0.0,1.0,0.0,0.0,0.0,0.0,0.0,0.0,0.666428755,0.022227259,0.135718436,0.02295977,0.15266578,0.433793604,0.093760666,0.039783002,0.019891501,0.666666667,0.333333333,0.370275728,0.0625,1.0,-0.299143218,-1.0,-0.05,0.85,0.45,0.35,0.45
275.0,12.0,353.0,0.535612534,0.999999995,0.732984289,5.0,2.0,1.0,1.0,4.685552408,6.0,0.0,0.0,0.0,0.0,0.0,1.0,-1.0,796.0,273.3333333,6300.0,843300.0,276683.3333,1880.117647,3573.399696,2442.944909,2700.0,5500.0,4100.0,0.0,1.0,0.0,0.0,0.0,0.0,0.0,0.0,0.033334014,0.207764963,0.692232223,0.033333551,0.033335249,0.467243867,0.131087662,0.042492918,0.011331445,0.789473684,0.210526316,0.251861472,0.1,0.8,-0.15,-0.25,-0.1,0.5,0.416666667,0.0,0.416666667
563.0,12.0,322.0,0.593749998,0.999999995,0.748691096,6.0,0.0,0.0,1.0,4.931677019,10.0,1.0,0.0,0.0,0.0,0.0,0.0,4.0,1600.0,498.5555556,0.0,690400.0,103980.0,0.0,4073.468085,2685.891886,0.0,0.0,0.0,1.0,0.0,0.0,0.0,0.0,0.0,0.0,0.0,0.020026622,0.020002343,0.020011633,0.020017036,0.919942367,0.545597718,0.09202629,0.037267081,0.037267081,0.5,0.5,0.53452381,0.15,1.0,-0.28912037,-0.6,-0.05,0.9,-0.6,0.4,0.6
164.0,12.0,185.0,0.580110494,0.99999999,0.693877544,4.0,3.0,1.0,0.0,4.567567568,5.0,0.0,0.0,1.0,0.0,0.0,0.0,-1.0,946.0,205.8,6800.0,843300.0,578900.0,2795.222222,4558.398954,3492.400891,5800.0,9700.0,7566.666667,1.0,0.0,0.0,0.0,0.0,0.0,0.0,0.0,0.839857583,0.040027586,0.040055613,0.040058769,0.040000449,0.362083333,0.09375,0.027027027,0.005405405,0.833333333,0.166666667,0.29,0.1,0.5,-0.125,-0.125,-0.125,0.0,0.0,0.5,0.0
539.0,8.0,415.0,0.641463413,0.999999996,0.834615381,12.0,0.0,1.0,0.0,4.891566265,7.0,0.0,0.0,0.0,0.0,0.0,1.0,4.0,1100.0,212.0,1600.0,843300.0,231542.8571,1350.0,3306.496678,2448.195212,0.0,0.0,0.0,0.0,0.0,0.0,1.0,0.0,0.0,0.0,0.0,0.028572685,0.028842964,0.775349497,0.02857223,0.138662625,0.470081514,0.141376531,0.055421687,0.019277108,0.741935484,0.258064516,0.367885375,0.1,0.8,-0.202083333,-0.4,-0.05,0.9,0.4,0.4,0.4
335.0,12.0,223.0,0.597087376,0.999999991,0.743589737,7.0,6.0,1.0,0.0,4.210762332,5.0,0.0,0.0,1.0,0.0,0.0,0.0,-1.0,438.0,193.518,7900.0,843300.0,329200.0,1362.894309,3804.49906,2961.854783,1200.0,3600.0,2000.0,0.0,0.0,0.0,0.0,1.0,0.0,0.0,0.0,0.839949937,0.040002527,0.040032923,0.040014439,0.040000174,0.310217434,0.053249213,0.040358744,0.02690583,0.6,0.4,0.287109187,0.033333333,0.5,-0.235416667,-0.5,-0.1,0.066666667,-0.166666667,0.433333333,0.166666667
197.0,5.0,676.0,0.455098934,0.999999998,0.598522166,13.0,2.0,2.0,0.0,4.671597633,10.0,0.0,0.0,0.0,0.0,1.0,0.0,-1.0,588.0,238.4444444,0.0,843300.0,184809.8,0.0,3999.455583,1956.085035,997.0,1500.0,1248.5,0.0,0.0,1.0,0.0,0.0,0.0,0.0,0.0,0.119990053,0.220409602,0.22039407,0.020194563,0.419011711,0.475153979,0.159990145,0.042899408,0.00739645,0.852941176,0.147058824,0.296901776,0.1,0.6,-0.371111111,-0.8,-0.155555556,0.2,0.2,0.3,0.2
77.0,11.0,301.0,0.576666665,0.999999994,0.738636359,5.0,3.0,1.0,0.0,4.930232558,7.0,0.0,0.0,0.0,0.0,0.0,1.0,-1.0,478.0,142.2857143,5100.0,843300.0,191042.8571,1241.789474,4080.258687,2657.894305,683.0,1900.0,1227.666667,0.0,0.0,0.0,1.0,0.0,0.0,0.0,0.0,0.241318134,0.028574758,0.672525877,0.028612624,0.028968606,0.33134119,0.019710999,0.026578073,0.03986711,0.4,0.6,0.254545455,0.1,0.5,-0.140972222,-0.25,-0.05,0.125,-0.125,0.375,0.125
36.0,11.0,903.0,0.464082098,0.999999998,0.672549018,16.0,1.0,6.0,1.0,4.469545958,7.0,0.0,0.0,0.0,0.0,1.0,0.0,-1.0,902.0,159.5,0.0,843300.0,251514.2857,0.0,3941.441815,2312.076564,1400.0,1400.0,1400.0,0.0,0.0,1.0,0.0,0.0,0.0,0.0,0.0,0.02906375,0.314194042,0.028573848,0.02857365,0.59959471,0.495735784,0.097306397,0.040974529,0.023255814,0.637931034,0.362068966,0.402866503,0.033333333,1.0,-0.316666667,-0.6,-0.125,0.35,-0.3,0.15,0.3
303.0,12.0,502.0,0.506122448,0.999999997,0.6552901,10.0,4.0,1.0,0.0,4.46812749,8.0,0.0,0.0,0.0,0.0,1.0,0.0,-1.0,400.0,120.8333333,0.0,843300.0,174575.0,0.0,3578.493087,2153.394332,367.0,4200.0,2283.5,0.0,1.0,0.0,0.0,0.0,0.0,0.0,0.0,0.025088598,0.025061534,0.0250039,0.025000852,0.899845117,0.452905983,0.137128982,0.06374502,0.013944223,0.820512821,0.179487179,0.312282197,0.05,1.0,-0.317857143,-0.8,-0.1875,0.47,0.13,0.03,0.13
631.0,9.0,271.0,0.704545452,0.999999994,0.854651158,7.0,0.0,1.0,0.0,4.741697417,10.0,1.0,0.0,0.0,0.0,0.0,0.0,4.0,1100.0,524.375,0.0,690400.0,91490.0,0.0,15484.33333,3542.929557,0.0,0.0,0.0,0.0,0.0,1.0,0.0,0.0,0.0,0.0,0.0,0.020232604,0.020224152,0.020294158,0.222885122,0.716363963,0.475677831,0.158492823,0.040590406,0.011070111,0.785714286,0.214285714,0.416184573,0.136363636,0.8,-0.522222222,-0.8,-0.166666667,0.0,0.0,0.5,0.0
623.0,6.0,434.0,0.482926828,0.999999996,0.624999997,10.0,5.0,1.0,0.0,4.995391705,8.0,0.0,0.0,0.0,0.0,0.0,1.0,4.0,1100.0,477.7142857,0.0,690400.0,180235.625,0.0,3423.864076,2170.366531,601.0,1900.0,1233.666667,0.0,0.0,0.0,1.0,0.0,0.0,0.0,0.0,0.025203348,0.025002315,0.899462199,0.025000304,0.025331833,0.346952862,0.033771044,0.039170507,0.032258065,0.548387097,0.451612903,0.298217469,0.1,0.55,-0.241666667,-0.8,-0.125,0.0,0.0,0.5,0.0
538.0,7.0,1026.0,0.401401401,0.999999998,0.575704224,20.0,14.0,1.0,0.0,4.428849903,10.0,0.0,0.0,0.0,0.0,1.0,0.0,4.0,1100.0,387.8888889,0.0,843300.0,134980.0,0.0,3306.337898,2113.393492,600.0,3500.0,1741.9,0.0,0.0,0.0,0.0,1.0,0.0,0.0,0.0,0.020032269,0.123516151,0.02000895,0.020000962,0.816441668,0.474792998,0.114155577,0.043859649,0.013645224,0.762711864,0.237288136,0.333109668,0.05,0.8,-0.318571429,-0.5,-0.1,0.3,-0.5,0.2,0.5
106.0,13.0,115.0,0.765765759,0.999999986,0.898550712,3.0,3.0,0.0,2.0,4.52173913,8.0,0.0,0.0,0.0,0.0,0.0,0.0,-1.0,1300.0,204.07375,5400.0,843300.0,556312.5,1926.415094,7075.885545,4348.450784,1600.0,5400.0,3500.0,0.0,0.0,1.0,0.0,0.0,0.0,0.0,0.0,0.025012777,0.025116729,0.025030094,0.89984031,0.02500009,0.582407407,0.321412037,0.086956522,0.008695652,0.909090909,0.090909091,0.40125,0.0625,1.0,-0.155555556,-0.155555556,-0.155555556,1.0,1.0,0.5,1.0
540.0,8.0,1725.0,0.363154797,0.999999999,0.562028047,7.0,2.0,0.0,2.0,4.304347826,10.0,0.0,0.0,0.0,0.0,1.0,0.0,4.0,1200.0,425.4285714,0.0,843300.0,124300.0,0.0,5201.678571,2504.237991,0.0,0.0,0.0,0.0,0.0,1.0,0.0,0.0,0.0,0.0,0.0,0.020543389,0.020013266,0.222185042,0.216794435,0.520463869,0.457105359,0.087677043,0.037681159,0.024347826,0.607476636,0.392523364,0.348754246,0.1,1.0,-0.233838813,-0.7,-0.05,0.0,0.0,0.5,0.0
122.0,9.0,0.0,0.0,0.0,0.0,0.0,0.0,0.0,1.0,0.0,8.0,0.0,0.0,1.0,0.0,0.0,0.0,-1.0,311.0,45.02571429,0.0,843300.0,607325.0,0.0,7118.320612,4514.014823,0.0,0.0,0.0,1.0,0.0,0.0,0.0,0.0,0.0,0.0,0.0,0.399992365,0.025019684,0.025000733,0.400319781,0.149667438,0.0,0.0,0.0,0.0,0.0,0.0,0.0,0.0,0.0,0.0,0.0,0.0,0.0,0.0,0.5,0.0
547.0,13.0,332.0,0.604361369,0.999999995,0.749999996,9.0,3.0,0.0,1.0,4.512048193,10.0,0.0,0.0,0.0,0.0,0.0,1.0,4.0,1600.0,296.0,0.0,843300.0,162870.0,0.0,4532.0,2197.924629,245.0,2900.0,1572.5,0.0,0.0,1.0,0.0,0.0,0.0,0.0,0.0,0.204994376,0.020200864,0.733952542,0.020003335,0.020848883,0.362222222,0.149,0.036144578,0.03313253,0.52173913,0.47826087,0.410555556,0.16,0.5,-0.190151515,-0.3,-0.05,0.0,0.0,0.5,0.0
55.0,12.0,1082.0,0.438547486,0.999999998,0.643790849,1.0,1.0,3.0,0.0,4.541589649,7.0,0.0,1.0,0.0,0.0,0.0,0.0,-1.0,1200.0,315.2857143,3600.0,843300.0,174914.2857,984.1923077,7085.714286,3204.796686,1100.0,1100.0,1100.0,0.0,0.0,0.0,0.0,1.0,0.0,0.0,0.0,0.028571618,0.885413178,0.028571673,0.028619662,0.02882387,0.496147503,0.014722001,0.048983364,0.043438078,0.53,0.47,0.372561668,0.0625,1.0,-0.38122256,-1.0,-0.125,1.0,0.25,0.5,0.25
464.0,11.0,244.0,0.665236049,0.999999993,0.798657713,7.0,3.0,0.0,0.0,4.795081967,5.0,0.0,0.0,0.0,1.0,0.0,0.0,4.0,9100.0,2239.2,3500.0,843300.0,174320.0,1556.357143,9100.0,3973.517967,3200.0,3200.0,3200.0,0.0,1.0,0.0,0.0,0.0,0.0,0.0,0.0,0.040820378,0.040001838,0.040729408,0.040001159,0.838447217,0.327462121,0.055113636,0.016393443,0.008196721,0.666666667,0.333333333,0.284090909,0.136363636,0.6,-0.1375,-0.15,-0.125,0.0,0.0,0.5,0.0
584.0,8.0,563.0,0.345454545,0.999999997,0.406649615,18.0,2.0,26.0,0.0,4.78330373,8.0,0.0,0.0,0.0,0.0,1.0,0.0,4.0,4400.0,747.0,6000.0,690400.0,122112.5,2334.611241,5200.0,3390.718455,2300.0,2300.0,2300.0,1.0,0.0,0.0,0.0,0.0,0.0,0.0,0.0,0.150896804,0.025123536,0.025039612,0.025018009,0.77392204,0.370049118,0.101446054,0.026642984,0.007104796,0.789473684,0.210526316,0.28917316,0.1,0.5,-0.25,-0.3,-0.2,0.5,0.25,0.0,0.25
542.0,10.0,2199.0,0.392589118,0.999999999,0.588143525,25.0,3.0,1.0,1.0,4.354706685,10.0,1.0,0.0,0.0,0.0,0.0,0.0,4.0,471.0,176.0,0.0,843300.0,135410.0,0.0,3594.264706,1691.375301,1300.0,4000.0,2366.666667,1.0,0.0,0.0,0.0,0.0,0.0,0.0,0.0,0.456345269,0.020008573,0.020024228,0.131506214,0.372115716,0.480037287,0.187109939,0.045020464,0.01273306,0.779527559,0.220472441,0.403478399,0.033333333,1.0,-0.236281179,-0.6,-0.05,0.0,0.0,0.5,0.0
253.0,10.0,557.0,0.528985506,0.999999997,0.707692306,13.0,3.0,1.0,1.0,4.716337522,7.0,0.0,0.0,0.0,0.0,0.0,0.0,-1.0,798.0,279.0,653.0,843300.0,365779.0,372.25,5998.300299,3394.543299,23200.0,23200.0,23200.0,0.0,0.0,1.0,0.0,0.0,0.0,0.0,0.0,0.028573981,0.174039075,0.314201991,0.454612593,0.028572359,0.459259259,0.119840833,0.034111311,0.010771993,0.76,0.24,0.298963317,0.1,1.0,-0.382175926,-0.625,-0.155555556,0.0,0.0,0.5,0.0
360.0,12.0,1456.0,0.454545454,0.999999999,0.623042505,16.0,4.0,12.0,1.0,4.51510989,10.0,0.0,1.0,0.0,0.0,0.0,0.0,-1.0,583.0,181.125,0.0,843300.0,206850.0,0.0,6990.890877,2658.499144,2400.0,10700.0,6550.0,1.0,0.0,0.0,0.0,0.0,0.0,0.0,0.0,0.020292123,0.020412932,0.020056053,0.919238111,0.020000782,0.502121229,0.052217474,0.036401099,0.026098901,0.582417582,0.417582418,0.3267753,0.033333333,0.7,-0.31943601,-1.0,-0.05,0.2,0.1,0.3,0.1
463.0,10.0,2780.0,0.325230202,0.999999999,0.473150358,15.0,14.0,14.0,1.0,4.37733813,9.0,0.0,0.0,0.0,0.0,1.0,0.0,4.0,749.0,257.1111111,812.0,843300.0,150090.2222,780.5,3264.356242,2195.961556,622.0,6100.0,2955.5,0.0,0.0,1.0,0.0,0.0,0.0,0.0,0.0,0.023068865,0.022255551,0.022222666,0.02222243,0.910230488,0.504130261,0.164148116,0.052877698,0.01618705,0.765625,0.234375,0.369811968,0.1,1.0,-0.253897707,-0.8,-0.05,0.6,0.3,0.1,0.3
113.0,14.0,180.0,0.68333333,0.999999991,0.858490558,4.0,1.0,4.0,0.0,4.722222222,5.0,0.0,0.0,1.0,0.0,0.0,0.0,-1.0,666.0,176.0,1600.0,843300.0,319600.0,982.4,3481.800852,2349.303842,3500.0,3500.0,3500.0,0.0,0.0,1.0,0.0,0.0,0.0,0.0,0.0,0.440897732,0.040017695,0.040002811,0.238956204,0.240125559,0.33627451,0.054901961,0.022222222,0.044444444,0.333333333,0.666666667,0.49375,0.1,1.0,-0.136458333,-0.2,-0.05,0.0,0.0,0.5,0.0
275.0,9.0,434.0,0.603365383,0.999999997,0.705298011,32.0,1.0,1.0,0.0,5.585253456,6.0,0.0,0.0,0.0,0.0,0.0,1.0,-1.0,796.0,277.6666667,6300.0,843300.0,182800.0,1880.117647,3573.399696,2536.555673,462.0,462.0,462.0,0.0,1.0,0.0,0.0,0.0,0.0,0.0,0.0,0.034626791,0.22775315,0.670720455,0.033562763,0.033336841,0.391396104,0.128838985,0.036866359,0.00921659,0.8,0.2,0.347923431,0.033333333,0.5,-0.125,-0.2,-0.05,0.4,0.0,0.1,0.0
301.0,13.0,304.0,0.585365852,0.999999994,0.764367812,5.0,1.0,0.0,0.0,4.299342105,8.0,0.0,0.0,0.0,0.0,0.0,1.0,-1.0,5100.0,1025.571429,0.0,843300.0,204101.0,0.0,7625.0,2916.56958,1500.0,1500.0,1500.0,0.0,0.0,0.0,1.0,0.0,0.0,0.0,0.0,0.40435815,0.025009743,0.279924936,0.149514635,0.141192537,0.417857143,0.161607143,0.023026316,0.003289474,0.875,0.125,0.3375,0.0625,0.6,-0.166666667,-0.166666667,-0.166666667,0.333333333,0.25,0.166666667,0.25
62.0,15.0,124.0,0.827868846,0.999999988,0.913580236,0.0,0.0,1.0,1.0,4.959677419,9.0,0.0,1.0,0.0,0.0,0.0,0.0,-1.0,1200.0,295.5,0.0,843300.0,186522.2222,0.0,4364.043348,2715.740143,0.0,0.0,0.0,0.0,0.0,0.0,0.0,1.0,0.0,0.0,0.0,0.022225185,0.817347951,0.022225876,0.022445451,0.115755537,0.407619048,0.01452381,0.024193548,0.040322581,0.375,0.625,0.383333333,0.25,0.5,-0.200952381,-0.333333333,-0.071428571,0.416666667,-0.041666667,0.083333333,0.041666667
514.0,8.0,621.0,0.529801324,0.999999997,0.757309939,7.0,0.0,1.0,0.0,4.726247987,9.0,0.0,0.0,0.0,0.0,0.0,1.0,4.0,1100.0,169.0,2600.0,843300.0,194200.0,1763.0625,3262.43599,2327.666229,0.0,0.0,0.0,1.0,0.0,0.0,0.0,0.0,0.0,0.0,0.0,0.022224831,0.131086958,0.692803438,0.022223796,0.131660977,0.552788431,0.17518036,0.048309179,0.012882448,0.789473684,0.210526316,0.398036797,0.1,1.0,-0.235170559,-0.5,-0.071428571,0.643939394,0.284848485,0.143939394,0.284848485
161.0,7.0,287.0,0.548951047,0.999999995,0.648351645,6.0,5.0,2.0,1.0,4.808362369,7.0,0.0,0.0,0.0,1.0,0.0,0.0,-1.0,1400.0,311.8571429,5000.0,843300.0,423757.1429,2348.739535,4350.88619,3266.290953,1700.0,2500.0,2250.0,0.0,0.0,0.0,1.0,0.0,0.0,0.0,0.0,0.459026499,0.028576579,0.186480637,0.028644662,0.297271623,0.511155164,0.086764971,0.041811847,0.017421603,0.705882353,0.294117647,0.312815657,0.136363636,0.6,-0.367619048,-0.6,-0.071428571,0.0,0.0,0.5,0.0
162.0,9.0,156.0,0.692307688,0.999999989,0.880434773,4.0,3.0,0.0,2.0,4.358974359,7.0,0.0,0.0,0.0,0.0,0.0,1.0,-1.0,548.0,126.8333333,0.0,843300.0,194657.1429,0.0,6059.253731,3099.889807,1800.0,2700.0,2250.0,0.0,0.0,1.0,0.0,0.0,0.0,0.0,0.0,0.029097226,0.028579508,0.730408265,0.182037884,0.029877117,0.574579125,-0.057070707,0.032051282,0.019230769,0.625,0.375,0.257272727,0.05,0.5,-0.6,-0.7,-0.5,0.0,-0.2,0.5,0.2
441.0,8.0,424.0,0.527363183,0.999999996,0.609929076,32.0,19.0,1.0,0.0,5.146226415,8.0,0.0,0.0,0.0,0.0,0.0,1.0,4.0,384.0,136.4285714,0.0,843300.0,206125.0,0.0,4041.714286,2150.381585,5200.0,5200.0,5200.0,0.0,0.0,0.0,1.0,0.0,0.0,0.0,0.0,0.025009578,0.025000751,0.899812097,0.025156471,0.025021103,0.43546635,0.066151904,0.028301887,0.016509434,0.631578947,0.368421053,0.385227273,0.136363636,0.5,-0.41468254,-1.0,-0.125,0.0,0.0,0.5,0.0
287.0,11.0,194.0,0.658031085,0.999999991,0.801801795,3.0,2.0,0.0,2.0,4.242268041,8.0,0.0,1.0,0.0,0.0,0.0,0.0,-1.0,1300.0,236.8975,10500.0,843300.0,455287.5,2624.88794,9901.929825,5507.189457,579.0,579.0,579.0,0.0,0.0,0.0,1.0,0.0,0.0,0.0,0.0,0.025000416,0.19333053,0.025000444,0.73166826,0.02500035,0.558008658,-0.098024892,0.051546392,0.056701031,0.476190476,0.523809524,0.276428571,0.1,0.6,-0.374621212,-0.5,-0.1875,0.0,0.0,0.5,0.0
680.0,9.0,863.0,0.495828367,0.999999998,0.683206106,15.0,1.0,9.0,0.0,4.694090382,8.0,1.0,0.0,0.0,0.0,0.0,0.0,217.0,1100.0,442.0,2200.0,80400.0,40237.5,1650.0,3880.150794,2805.360529,2200.0,2200.0,2200.0,0.0,0.0,1.0,0.0,0.0,0.0,0.0,0.0,0.025247018,0.025075815,0.025014986,0.025150584,0.899511597,0.492517007,0.218987709,0.040556199,0.00811124,0.833333333,0.166666667,0.43165739,0.1,1.0,-0.298809524,-0.5,-0.125,0.5,0.5,0.0,0.5
695.0,8.0,126.0,0.754098354,0.999999986,0.837837827,0.0,0.0,1.0,0.0,4.46031746,6.0,0.0,1.0,0.0,0.0,0.0,0.0,217.0,2000.0,772.2,0.0,69100.0,25666.66667,0.0,2573.388916,1640.602004,0.0,0.0,0.0,0.0,1.0,0.0,0.0,0.0,0.0,0.0,0.0,0.033335339,0.866056679,0.033334415,0.033578897,0.033694671,0.422825252,0.117957043,0.047619048,0.015873016,0.75,0.25,0.30974026,0.136363636,0.7,-0.1625,-0.2,-0.125,0.0,0.0,0.5,0.0
317.0,11.0,388.0,0.59620596,0.999999995,0.774774771,6.0,1.0,0.0,0.0,4.726804124,8.0,0.0,0.0,0.0,0.0,1.0,0.0,-1.0,331.0,142.5,0.0,843300.0,137562.5,0.0,3574.732776,2034.229119,6800.0,6800.0,6800.0,0.0,1.0,0.0,0.0,0.0,0.0,0.0,0.0,0.02501629,0.025005084,0.275751398,0.149013686,0.525213542,0.478212369,0.066954703,0.043814433,0.025773196,0.62962963,0.37037037,0.288123886,0.0625,0.5,-0.221388889,-0.4,-0.125,0.666666667,-0.7,0.166666667,0.7
146.0,10.0,294.0,0.621160407,0.999999995,0.766304344,6.0,3.0,1.0,0.0,4.646258503,6.0,0.0,0.0,0.0,0.0,1.0,0.0,-1.0,737.0,285.8333333,9100.0,843300.0,378866.6667,2818.2,5872.583333,3864.248413,55200.0,55200.0,55200.0,0.0,0.0,0.0,0.0,1.0,0.0,0.0,0.0,0.033350461,0.033338115,0.034213173,0.19906046,0.70003779,0.429020979,0.197552448,0.054421769,0.003401361,0.941176471,0.058823529,0.339772727,0.1,0.6,-0.3,-0.3,-0.3,0.4,0.4,0.1,0.4
52.0,11.0,317.0,0.541139239,0.999999995,0.622119813,2.0,1.0,10.0,0.0,5.135646688,4.0,0.0,0.0,0.0,0.0,0.0,1.0,-1.0,522.0,129.75,22000.0,843300.0,406150.0,2169.538085,3637.375,2926.540699,1500.0,1500.0,1500.0,1.0,0.0,0.0,0.0,0.0,0.0,0.0,0.0,0.050000691,0.299873137,0.550120009,0.050000503,0.05000566,0.53013468,0.204040404,0.018927445,0.003154574,0.857142857,0.142857143,0.322727273,0.136363636,0.5,-0.1,-0.1,-0.1,0.0,0.0,0.5,0.0
638.0,11.0,416.0,0.527845035,0.999999996,0.703389828,8.0,5.0,1.0,0.0,4.641826923,5.0,0.0,0.0,1.0,0.0,0.0,0.0,4.0,579.0,334.4,35800.0,617900.0,212380.0,2588.836336,4411.72,3441.687291,965.0,46200.0,10753.0,0.0,0.0,1.0,0.0,0.0,0.0,0.0,0.0,0.703316231,0.040010028,0.040214094,0.040613173,0.175846474,0.444974132,0.102475979,0.050480769,0.019230769,0.724137931,0.275862069,0.282215007,0.033333333,0.7,-0.215625,-0.5,-0.05,0.0,0.0,0.5,0.0
287.0,8.0,804.0,0.490542244,0.999999998,0.670190273,28.0,10.0,8.0,1.0,4.641791045,10.0,0.0,0.0,0.0,1.0,0.0,0.0,-1.0,568.0,135.7,2900.0,843300.0,236010.0,1258.2,6601.831445,3666.932326,1600.0,2100.0,1850.0,0.0,0.0,0.0,1.0,0.0,0.0,0.0,0.0,0.021114077,0.484750411,0.020138607,0.453749867,0.020247038,0.494385198,0.015050505,0.034825871,0.031094527,0.528301887,0.471698113,0.425714286,0.16,1.0,-0.392666667,-1.0,-0.05,0.9,-0.5,0.4,0.5
364.0,8.0,449.0,0.54648526,0.999999997,0.69097222,8.0,0.0,1.0,0.0,4.645879733,3.0,0.0,0.0,0.0,0.0,0.0,1.0,-1.0,45.0,28.66666667,53500.0,843300.0,341766.6667,2205.8156,3531.794088,2770.449584,0.0,0.0,0.0,0.0,0.0,0.0,1.0,0.0,0.0,0.0,0.0,0.066668203,0.066666757,0.733324186,0.066666689,0.066674165,0.4251911,0.053480753,0.042316258,0.022271715,0.655172414,0.344827586,0.289322169,0.1,0.7,-0.315833333,-0.6,-0.125,0.0,0.0,0.5,0.0
723.0,9.0,282.0,0.554347824,0.999999994,0.733766229,2.0,2.0,1.0,0.0,4.418439716,6.0,0.0,0.0,0.0,0.0,1.0,0.0,217.0,529.0,321.6,0.0,39400.0,18000.0,0.0,4078.375,2233.181515,6400.0,6400.0,6400.0,0.0,1.0,0.0,0.0,0.0,0.0,0.0,0.0,0.033476418,0.033338584,0.033400988,0.0333336,0.86645041,0.370743146,0.172691198,0.042553191,0.007092199,0.857142857,0.142857143,0.273322511,0.1,0.5,-0.085714286,-0.1,-0.071428571,0.0,0.0,0.5,0.0
474.0,14.0,1076.0,0.404536862,0.999999998,0.54531722,19.0,4.0,13.0,0.0,4.67472119,10.0,0.0,0.0,0.0,0.0,1.0,0.0,4.0,570.0,182.0,10800.0,843300.0,167610.0,2060.367625,3542.551072,2898.80235,6100.0,6100.0,6100.0,0.0,0.0,0.0,0.0,0.0,1.0,0.0,1.0,0.020067623,0.020000989,0.124433932,0.020000197,0.815497259,0.501822838,0.121524841,0.038104089,0.014869888,0.719298246,0.280701754,0.35886918,0.033333333,0.9,-0.24453125,-0.7,-0.05,0.0,0.0,0.5,0.0
612.0,10.0,220.0,0.605128202,0.999999992,0.710937494,6.0,3.0,1.0,0.0,4.036363636,8.0,0.0,0.0,1.0,0.0,0.0,0.0,4.0,494.0,336.875,1700.0,690400.0,180000.0,1047.833333,3408.49414,2252.637996,787.0,1800.0,1171.666667,1.0,0.0,0.0,0.0,0.0,0.0,0.0,0.0,0.157088033,0.274714619,0.025479895,0.025000564,0.517716889,0.275,0.07,0.018181818,0.009090909,0.666666667,0.333333333,0.3525,0.16,0.5,-0.15,-0.2,-0.1,0.0,0.0,0.5,0.0
135.0,11.0,0.0,0.0,0.0,0.0,0.0,0.0,0.0,1.0,0.0,6.0,0.0,0.0,0.0,0.0,0.0,0.0,-1.0,1600.0,375.0983333,20800.0,843300.0,589816.6667,3485.244418,10000.0,6682.9545,0.0,0.0,0.0,0.0,1.0,0.0,0.0,0.0,0.0,0.0,0.0,0.199529434,0.03335162,0.033333756,0.700451524,0.033333666,0.0,0.0,0.0,0.0,0.0,0.0,0.0,0.0,0.0,0.0,0.0,0.0,0.9,-0.6,0.4,0.6
496.0,11.0,128.0,0.661157019,0.999999987,0.734177206,5.0,2.0,1.0,0.0,4.8046875,5.0,0.0,0.0,0.0,0.0,1.0,0.0,4.0,933.0,299.2,5700.0,843300.0,213740.0,2052.5,3892.047619,2975.148617,1600.0,2500.0,2050.0,0.0,0.0,0.0,0.0,1.0,0.0,0.0,0.0,0.041141305,0.04000171,0.040241947,0.040004136,0.838610902,0.490277778,0.100347222,0.046875,0.015625,0.75,0.25,0.289583333,0.0625,0.5,-0.166666667,-0.166666667,-0.166666667,0.0,0.0,0.5,0.0
318.0,9.0,382.0,0.622950818,0.999999996,0.739999997,8.0,2.0,1.0,0.0,5.123036649,5.0,0.0,0.0,0.0,0.0,0.0,1.0,-1.0,1000.0,271.5,0.0,843300.0,206160.0,0.0,3574.798112,2275.429755,4500.0,4500.0,4500.0,1.0,0.0,0.0,0.0,0.0,0.0,0.0,0.0,0.040001028,0.253099786,0.626895774,0.040000286,0.040003126,0.249375,-0.022291667,0.015706806,0.023560209,0.4,0.6,0.166060606,0.05,0.5,-0.124074074,-0.4,-0.05,0.5,0.05,0.0,0.05
610.0,13.0,336.0,0.647416411,0.999999995,0.813953485,10.0,5.0,0.0,2.0,4.886904762,6.0,0.0,1.0,0.0,0.0,0.0,0.0,4.0,924.0,445.3333333,924.0,690400.0,152254.0,924.0,4153.127976,3145.941267,791.0,12100.0,3637.0,0.0,0.0,1.0,0.0,0.0,0.0,0.0,0.0,0.033333574,0.866598011,0.033333634,0.033401335,0.033333446,0.501646825,0.220674603,0.038690476,0.011904762,0.764705882,0.235294118,0.373901099,0.1,0.8,-0.161805556,-0.2,-0.125,0.666666667,0.375,0.166666667,0.375
262.0,13.0,761.0,0.459915611,0.999999998,0.555118109,26.0,5.0,16.0,7.0,4.532194481,9.0,0.0,1.0,0.0,0.0,0.0,0.0,-1.0,676.0,246.0,7200.0,843300.0,276577.7778,2379.555556,8035.426667,4255.748855,929.0,34100.0,17514.5,1.0,0.0,0.0,0.0,0.0,0.0,0.0,0.0,0.133082938,0.642631042,0.022224967,0.022855275,0.179205779,0.616378066,-0.090007215,0.022339028,0.02890933,0.435897436,0.564102564,0.395276292,0.083333333,1.0,-0.468181818,-0.7,-0.125,1.0,-0.6,0.5,0.6
533.0,11.0,211.0,0.628272248,0.999999992,0.739837392,2.0,2.0,1.0,0.0,4.834123223,4.0,0.0,0.0,1.0,0.0,0.0,0.0,4.0,428.0,193.0,59000.0,843300.0,570775.0,2910.773504,4611.468817,3664.079828,750.0,3500.0,2125.0,0.0,0.0,1.0,0.0,0.0,0.0,0.0,0.0,0.79992875,0.050004324,0.050041998,0.050024648,0.05000028,0.4525,0.243333333,0.037914692,0.009478673,0.8,0.2,0.641666667,0.433333333,1.0,-0.133333333,-0.133333333,-0.133333333,0.0,0.0,0.5,0.0
225.0,9.0,157.0,0.655844152,0.999999989,0.78888888,3.0,1.0,0.0,2.0,4.630573248,7.0,0.0,0.0,0.0,1.0,0.0,0.0,-1.0,1100.0,395.6666667,0.0,843300.0,225371.4286,0.0,4627.978986,2544.993651,3300.0,3300.0,3300.0,0.0,0.0,1.0,0.0,0.0,0.0,0.0,0.0,0.029199426,0.02857561,0.02868459,0.884928205,0.028612169,0.416821789,0.186201299,0.038216561,0.006369427,0.857142857,0.142857143,0.331168831,0.136363636,0.5,-0.125,-0.125,-0.125,0.454545455,0.136363636,0.045454545,0.136363636
203.0,15.0,383.0,0.526455025,0.999999996,0.686192466,4.0,3.0,9.0,0.0,4.723237598,10.0,0.0,0.0,0.0,0.0,1.0,0.0,-1.0,1500.0,194.6,2600.0,843300.0,353920.0,1634.185185,3605.752545,2916.124459,1800.0,1800.0,1800.0,0.0,0.0,0.0,1.0,0.0,0.0,0.0,0.0,0.099713096,0.219608495,0.020090956,0.020296427,0.640291026,0.391154679,0.182808858,0.036553525,0.01305483,0.736842105,0.263157895,0.415097403,0.0625,1.0,-0.211666667,-0.333333333,-0.1,0.0,0.0,0.5,0.0
166.0,10.0,538.0,0.522727272,0.999999997,0.663663662,17.0,4.0,6.0,0.0,4.592936803,9.0,0.0,0.0,0.0,0.0,1.0,0.0,-1.0,851.0,327.6666667,5900.0,843300.0,253644.4444,2052.709677,3518.098994,2661.075024,1200.0,1800.0,1525.0,0.0,0.0,0.0,0.0,0.0,1.0,0.0,1.0,0.022228246,0.022222654,0.134178531,0.022222331,0.799148238,0.5753367,0.255162738,0.07063197,0.022304833,0.76,0.24,0.434529506,0.1,1.0,-0.329861111,-0.875,-0.05,0.5,0.5,0.0,0.5
384.0,10.0,811.0,0.438902743,0.999999998,0.597457626,14.0,7.0,1.0,1.0,4.799013564,9.0,0.0,0.0,0.0,0.0,0.0,1.0,-1.0,548.0,254.625,0.0,843300.0,187477.7778,0.0,3477.720952,1927.003759,742.0,1300.0,1085.5,0.0,0.0,0.0,0.0,1.0,0.0,0.0,0.0,0.022222924,0.133313833,0.800016575,0.022222596,0.022224072,0.474372633,0.060540956,0.030826141,0.017262639,0.641025641,0.358974359,0.286318182,0.05,0.5,-0.223809524,-0.6,-0.05,0.05,-0.05,0.45,0.05
673.0,10.0,639.0,0.487179486,0.999999997,0.650666665,3.0,3.0,9.0,0.0,4.596244131,6.0,0.0,0.0,0.0,0.0,1.0,0.0,217.0,554.0,389.0,5900.0,617900.0,145733.3333,2414.941176,5310.931034,3595.459384,1400.0,1400.0,1400.0,0.0,0.0,1.0,0.0,0.0,0.0,0.0,0.0,0.034249573,0.033339824,0.033368671,0.033941917,0.865100015,0.604851272,0.089013102,0.03599374,0.018779343,0.657142857,0.342857143,0.319052324,0.1,0.6,-0.267427249,-0.5,-0.1,0.0,0.0,0.5,0.0
560.0,13.0,105.0,0.729166659,0.999999984,0.809523797,5.0,3.0,0.0,1.0,4.704761905,10.0,0.0,0.0,0.0,0.0,0.0,1.0,4.0,1800.0,656.0,0.0,690400.0,209700.0,0.0,16900.0,3929.491161,1600.0,2400.0,2000.0,0.0,0.0,0.0,1.0,0.0,0.0,0.0,0.0,0.020002763,0.020002627,0.919968611,0.020001511,0.020024487,0.322916667,0.277083333,0.057142857,0.0,1.0,0.0,0.369444444,0.1,0.5,0.0,0.0,0.0,0.0,0.0,0.5,0.0
64.0,12.0,373.0,0.566298341,0.999999996,0.691964283,7.0,0.0,1.0,0.0,5.002680965,4.0,0.0,0.0,1.0,0.0,0.0,0.0,-1.0,0.0,-1.0,6500.0,843300.0,550950.0,1782.827586,3436.25146,2830.233995,0.0,0.0,0.0,0.0,0.0,1.0,0.0,0.0,0.0,0.0,0.0,0.300303266,0.050046932,0.050001029,0.050000175,0.549648597,0.545899933,0.248380786,0.053619303,0.00536193,0.909090909,0.090909091,0.342895022,0.1,0.5,-0.175,-0.3,-0.05,0.0,0.0,0.5,0.0
620.0,10.0,891.0,0.485907553,0.999999998,0.650263619,34.0,32.0,30.0,0.0,4.607182941,8.0,0.0,0.0,0.0,0.0,0.0,0.0,4.0,1100.0,513.375,6800.0,690400.0,187875.0,2650.0,5504.0,4322.381431,191.0,10100.0,2107.806452,0.0,0.0,0.0,0.0,0.0,0.0,1.0,1.0,0.025000101,0.809195149,0.025000046,0.11580465,0.025000054,0.46715208,0.087308282,0.060606061,0.032547699,0.65060241,0.34939759,0.304156646,0.033333333,1.0,-0.268582375,-0.7,-0.1,0.3,0.15,0.2,0.15
115.0,13.0,207.0,0.611650482,0.999999992,0.777777772,7.0,7.0,0.0,3.0,4.420289855,7.0,0.0,1.0,0.0,0.0,0.0,0.0,-1.0,916.0,284.8571429,15400.0,843300.0,248585.7143,2216.02439,8370.0,4223.228756,689.0,2500.0,1598.166667,1.0,0.0,0.0,0.0,0.0,0.0,0.0,0.0,0.028571764,0.247129444,0.028571856,0.6671553,0.028571635,0.42,0.038888889,0.028985507,0.014492754,0.666666667,0.333333333,0.341666667,0.1,0.5,-0.422222222,-0.6,-0.166666667,0.9,-0.15,0.4,0.15
310.0,10.0,683.0,0.510077519,0.999999998,0.611973391,40.0,8.0,17.0,2.0,4.698389458,9.0,0.0,0.0,0.0,0.0,0.0,0.0,-1.0,798.0,243.4644444,21900.0,843300.0,420177.7778,3259.654545,12332.8,6133.187403,1100.0,21900.0,7200.0,0.0,1.0,0.0,0.0,0.0,0.0,0.0,0.0,0.022222744,0.413089187,0.022222361,0.520243246,0.022222462,0.507304239,0.108092031,0.033674963,0.010248902,0.766666667,0.233333333,0.397957839,0.05,1.0,-0.441269841,-0.7,-0.155555556,0.0,0.0,0.5,0.0
12.0,8.0,510.0,0.563636362,0.999999997,0.706249998,22.0,2.0,1.0,8.0,4.780392157,7.0,0.0,0.0,0.0,1.0,0.0,0.0,-1.0,3600.0,737.2857143,2300.0,843300.0,239628.5714,1579.5,5000.0,3437.831559,5700.0,5700.0,5700.0,0.0,0.0,0.0,0.0,0.0,1.0,0.0,1.0,0.385552241,0.028933503,0.028641637,0.527995514,0.028877104,0.500798526,0.129699017,0.037254902,0.021568627,0.633333333,0.366666667,0.403229665,0.136363636,0.6,-0.332954545,-0.7,-0.1875,0.0,0.0,0.5,0.0
678.0,7.0,183.0,0.618784527,0.99999999,0.747572808,7.0,3.0,0.0,0.0,4.617486339,8.0,0.0,0.0,1.0,0.0,0.0,0.0,217.0,1800.0,554.8571429,0.0,227300.0,62525.0,0.0,4243.157895,2534.155915,2000.0,6100.0,4050.0,0.0,0.0,0.0,0.0,1.0,0.0,0.0,0.0,0.899443509,0.025144438,0.025032904,0.025372468,0.025006682,0.360606061,-0.043939394,0.027322404,0.016393443,0.625,0.375,0.263333333,0.166666667,0.5,-0.6,-0.7,-0.4,0.0,0.0,0.5,0.0
390.0,9.0,276.0,0.590733588,0.999999994,0.692737426,19.0,1.0,17.0,0.0,4.815217391,10.0,0.0,0.0,0.0,0.0,0.0,0.0,-1.0,1400.0,494.159,1400.0,843300.0,222260.0,1400.0,8382.386721,5142.835872,1100.0,1100.0,1100.0,0.0,0.0,0.0,0.0,0.0,1.0,0.0,1.0,0.119634311,0.227161522,0.020000647,0.613182831,0.020020689,0.711721612,0.275824176,0.036231884,0.003623188,0.909090909,0.090909091,0.503571429,0.285714286,1.0,-0.7,-0.7,-0.7,0.166666667,0.0,0.333333333,0.0
657.0,15.0,100.0,0.709999993,0.999999981,0.888888872,4.0,3.0,0.0,0.0,4.45,10.0,0.0,0.0,0.0,0.0,1.0,0.0,217.0,469.0,340.0,0.0,617900.0,96250.0,0.0,3818.541667,2504.526687,2300.0,2300.0,2300.0,0.0,0.0,0.0,0.0,1.0,0.0,0.0,0.0,0.16950774,0.020091676,0.020433609,0.020113654,0.769853321,0.43452381,0.345535714,0.07,0.0,1.0,0.0,0.418707483,0.166666667,0.8,0.0,0.0,0.0,0.375,-0.125,0.125,0.125
35.0,12.0,680.0,0.489457831,0.999999997,0.676092543,4.0,4.0,4.0,1.0,4.342647059,7.0,0.0,0.0,0.0,0.0,0.0,1.0,-1.0,1200.0,187.2857143,1200.0,843300.0,272357.1429,1200.0,3406.453889,2358.336879,1300.0,2600.0,1950.0,0.0,0.0,0.0,1.0,0.0,0.0,0.0,0.0,0.028571715,0.028571731,0.885712439,0.028571627,0.028572488,0.395535354,0.063016835,0.026470588,0.014705882,0.642857143,0.357142857,0.278005051,0.136363636,0.7,-0.240833333,-0.8,-0.05,0.4625,0.0,0.0375,0.0
728.0,15.0,481.0,0.54105263,0.999999996,0.707142855,5.0,3.0,1.0,0.0,4.594594595,7.0,0.0,0.0,1.0,0.0,0.0,0.0,217.0,690.0,499.8571429,593.0,28000.0,9699.0,593.0,4978.0,2060.628474,447.0,447.0,447.0,0.0,0.0,0.0,1.0,0.0,0.0,0.0,0.0,0.600621244,0.313357396,0.028571882,0.028848167,0.028601311,0.481073858,0.074902818,0.03950104,0.027027027,0.59375,0.40625,0.428070175,0.1,0.6,-0.343315018,-0.6,-0.071428571,0.4,0.2,0.1,0.2
149.0,9.0,612.0,0.445578231,0.999999997,0.546916889,28.0,3.0,24.0,0.0,4.642156863,7.0,0.0,0.0,0.0,1.0,0.0,0.0,-1.0,656.0,292.2857143,3800.0,843300.0,177300.0,1582.396226,4049.195745,3383.763252,810.0,1200.0,1005.0,0.0,1.0,0.0,0.0,0.0,0.0,0.0,0.0,0.029593753,0.028576905,0.223956822,0.545644582,0.172227939,0.660313853,0.423475379,0.058823529,0.004901961,0.923076923,0.076923077,0.540277778,0.1,1.0,-0.194444444,-0.291666667,-0.125,0.916666667,0.508333333,0.416666667,0.508333333
121.0,14.0,113.0,0.758928565,0.999999986,0.899999987,3.0,3.0,0.0,2.0,4.469026549,8.0,0.0,0.0,0.0,0.0,0.0,0.0,-1.0,597.0,145.94875,4400.0,843300.0,531725.0,1696.444444,7108.733604,4492.758804,4400.0,12300.0,8350.0,0.0,1.0,0.0,0.0,0.0,0.0,0.0,0.0,0.025012055,0.025027923,0.025000206,0.899959708,0.025000108,0.467179487,0.174102564,0.097345133,0.03539823,0.733333333,0.266666667,0.327272727,0.1,0.6,-0.366666667,-0.5,-0.166666667,0.0,0.0,0.5,0.0
90.0,9.0,622.0,0.507364975,0.999999997,0.721126759,5.0,1.0,1.0,3.0,4.995176849,4.0,0.0,0.0,0.0,0.0,0.0,1.0,-1.0,0.0,-1.0,0.0,843300.0,267375.0,0.0,3454.569082,2006.620225,1400.0,1400.0,1400.0,0.0,0.0,0.0,0.0,1.0,0.0,0.0,0.0,0.05000575,0.050005794,0.551194367,0.050003082,0.298791008,0.407950586,0.105149403,0.032154341,0.011254019,0.740740741,0.259259259,0.34788961,0.033333333,1.0,-0.366666667,-0.6,-0.1,0.4,0.8,0.1,0.8
673.0,10.0,135.0,0.814814809,0.999999989,0.922222212,7.0,0.0,0.0,0.0,4.725925926,10.0,0.0,0.0,0.0,0.0,0.0,0.0,217.0,1300.0,498.7,930.0,617900.0,153513.0,930.0,4839.569492,3169.919973,0.0,0.0,0.0,0.0,0.0,1.0,0.0,0.0,0.0,0.0,0.0,0.020022352,0.361195098,0.020007709,0.578769761,0.02000508,0.585674931,0.288050964,0.059259259,0.022222222,0.727272727,0.272727273,0.487215909,0.136363636,1.0,-0.173611111,-0.1875,-0.166666667,0.5,0.5,0.0,0.5
426.0,11.0,302.0,0.5916955,0.999999994,0.744318178,12.0,4.0,0.0,8.0,4.437086093,6.0,0.0,0.0,0.0,0.0,0.0,0.0,4.0,205.0,75.66666667,53100.0,843300.0,674033.3333,3043.688679,6091.383754,4536.247943,605.0,3800.0,2235.0,0.0,0.0,0.0,0.0,1.0,0.0,0.0,0.0,0.033356131,0.03334699,0.03337277,0.86658672,0.033337389,0.49837963,-0.017361111,0.023178808,0.013245033,0.636363636,0.363636364,0.283333333,0.05,0.5,-0.478125,-0.6,-0.3125,0.0,0.0,0.5,0.0
535.0,13.0,358.0,0.624649858,0.999999995,0.811320751,8.0,0.0,1.0,0.0,4.634078212,10.0,0.0,0.0,0.0,0.0,0.0,1.0,4.0,1500.0,591.0,1100.0,843300.0,190390.0,1100.0,12156.47059,3608.116761,0.0,0.0,0.0,1.0,0.0,0.0,0.0,0.0,0.0,0.0,0.0,0.02160751,0.020012339,0.618222069,0.320157411,0.020000671,0.533762626,0.12885101,0.044692737,0.022346369,0.666666667,0.333333333,0.389251894,0.1,1.0,-0.3109375,-1.0,-0.125,0.0,0.0,0.5,0.0
132.0,12.0,1052.0,0.364970645,0.999999998,0.50748752,6.0,3.0,2.0,28.0,4.504752852,8.0,0.0,0.0,0.0,1.0,0.0,0.0,-1.0,651.0,198.125,3800.0,843300.0,256937.5,1572.309091,5729.190594,3476.82046,1200.0,1400.0,1300.0,0.0,0.0,0.0,0.0,1.0,0.0,0.0,0.0,0.0258278,0.025005434,0.383623989,0.42714711,0.138395667,0.693107306,0.398859771,0.133079848,0.024714829,0.843373494,0.156626506,0.518929344,0.1,1.0,-0.226602564,-0.5,-0.125,0.485,0.09,0.015,0.09
398.0,11.0,161.0,0.687499996,0.99999999,0.835051538,4.0,2.0,1.0,0.0,4.689440994,6.0,0.0,0.0,0.0,0.0,1.0,0.0,-1.0,181.0,74.6,0.0,843300.0,235133.3333,0.0,3450.897041,2311.936513,688.0,688.0,688.0,0.0,0.0,0.0,0.0,1.0,0.0,0.0,0.0,0.033414467,0.033337841,0.198377631,0.033335255,0.701534806,0.460479798,0.057449495,0.01242236,0.01242236,0.5,0.5,0.318181818,0.136363636,0.5,-0.145833333,-0.166666667,-0.125,0.0,0.0,0.5,0.0
65.0,7.0,540.0,0.487666033,0.999999997,0.637540451,8.0,3.0,4.0,0.0,4.790740741,5.0,0.0,0.0,0.0,0.0,1.0,0.0,-1.0,682.0,266.4,4800.0,843300.0,438000.0,2127.363636,3433.817566,2896.639355,1600.0,1800.0,1666.666667,0.0,1.0,0.0,0.0,0.0,0.0,0.0,0.0,0.040019903,0.040001623,0.040008246,0.042378009,0.837592219,0.435222107,0.170318526,0.048148148,0.009259259,0.838709677,0.161290323,0.357109557,0.136363636,0.8,-0.1775,-0.3125,-0.05,1.0,0.0,0.5,0.0
597.0,11.0,206.0,0.6751269,0.999999992,0.849999993,5.0,2.0,1.0,0.0,4.59223301,7.0,0.0,0.0,0.0,0.0,0.0,1.0,4.0,1100.0,485.8333333,0.0,690400.0,130971.4286,0.0,8542.166667,3055.829505,1400.0,3100.0,2250.0,0.0,1.0,0.0,0.0,0.0,0.0,0.0,0.0,0.264056384,0.17231481,0.505984895,0.028577274,0.029066637,0.5325,0.505,0.048543689,0.0,1.0,0.0,0.606,0.1,1.0,0.0,0.0,0.0,0.5,0.5,0.0,0.5
533.0,9.0,427.0,0.559241705,0.999999996,0.693726935,19.0,7.0,1.0,0.0,4.988290398,8.0,0.0,0.0,0.0,0.0,0.0,1.0,4.0,387.0,100.875,818.0,843300.0,200327.25,563.0,3300.698315,1917.58442,497.0,1300.0,864.5,0.0,0.0,1.0,0.0,0.0,0.0,0.0,0.0,0.02500121,0.025000831,0.775709328,0.149286933,0.025001698,0.327941176,0.034491979,0.011709602,0.007025761,0.625,0.375,0.347272727,0.1,0.5,-0.383333333,-0.5,-0.25,0.0,0.0,0.5,0.0
625.0,11.0,2369.0,0.330180567,0.999999999,0.518376722,19.0,3.0,1.0,1.0,4.611650485,6.0,0.0,0.0,1.0,0.0,0.0,0.0,4.0,500.0,296.0,0.0,690400.0,344033.3333,0.0,3997.526316,2738.86315,450.0,928.0,609.3333333,0.0,1.0,0.0,0.0,0.0,0.0,0.0,0.0,0.46772866,0.033335982,0.432263979,0.033335086,0.033336293,0.423823323,0.108297061,0.042211904,0.015618404,0.729927007,0.270072993,0.3101671,0.033333333,1.0,-0.288266838,-1.0,-0.05,1.0,0.6,0.5,0.6
633.0,11.0,225.0,0.687782802,0.999999992,0.891666659,2.0,1.0,1.0,0.0,4.457777778,5.0,0.0,0.0,0.0,0.0,0.0,1.0,4.0,341.0,189.8,49000.0,617900.0,504120.0,2164.7,8039.068421,4311.834091,7200.0,7200.0,7200.0,1.0,0.0,0.0,0.0,0.0,0.0,0.0,0.0,0.040001542,0.04006216,0.440127932,0.43980397,0.040004396,0.606818182,0.020592287,0.044444444,0.017777778,0.714285714,0.285714286,0.35030303,0.1,0.5,-0.7625,-1.0,-0.05,1.0,0.3,0.5,0.3
90.0,8.0,450.0,0.323660714,0.999999997,0.290858725,2.0,1.0,59.0,1.0,5.777777778,7.0,0.0,1.0,0.0,0.0,0.0,0.0,-1.0,575.0,213.1428571,7400.0,843300.0,199700.0,2157.714286,3902.928375,3005.065052,635.0,635.0,635.0,0.0,0.0,0.0,0.0,1.0,0.0,0.0,0.0,0.028571798,0.734039222,0.028571618,0.180213153,0.028604209,0.487741047,0.233746556,0.037777778,0.011111111,0.772727273,0.227272727,0.477005348,0.136363636,1.0,-0.323333333,-0.8,-0.166666667,0.0,0.0,0.5,0.0
279.0,13.0,555.0,0.452727272,0.999999997,0.57817109,5.0,4.0,14.0,1.0,4.545945946,7.0,0.0,0.0,0.0,0.0,1.0,0.0,-1.0,3100.0,731.3333333,0.0,843300.0,152285.7143,0.0,4550.0,2756.794186,1600.0,13900.0,7750.0,0.0,0.0,0.0,0.0,1.0,0.0,0.0,0.0,0.028602072,0.028573312,0.028572925,0.028572288,0.885679404,0.420356466,0.159987148,0.045045045,0.012612613,0.78125,0.21875,0.377175325,0.0625,1.0,-0.25,-0.5,-0.166666667,0.0,0.0,0.5,0.0
301.0,7.0,228.0,0.647619045,0.999999992,0.776923071,6.0,3.0,1.0,0.0,4.381578947,5.0,0.0,0.0,0.0,0.0,1.0,0.0,-1.0,1100.0,262.0,5700.0,843300.0,232260.0,2240.0,3577.969063,2953.882062,945.0,2300.0,1622.5,0.0,0.0,0.0,1.0,0.0,0.0,0.0,0.0,0.040213033,0.040003448,0.040099598,0.040000537,0.839683385,0.435678211,0.192358459,0.043859649,0.01754386,0.714285714,0.285714286,0.388398268,0.136363636,0.5,-0.153472222,-0.166666667,-0.125,0.0,0.0,0.5,0.0
626.0,8.0,281.0,0.57039711,0.999999994,0.716981128,8.0,4.0,1.0,1.0,4.587188612,5.0,0.0,0.0,0.0,1.0,0.0,0.0,4.0,654.0,409.5,0.0,690400.0,153100.0,0.0,4034.75,2509.613995,0.0,0.0,0.0,1.0,0.0,0.0,0.0,0.0,0.0,0.0,0.0,0.485542582,0.041421381,0.392928933,0.040106831,0.040000273,0.301402918,0.173260382,0.074733096,0.007117438,0.913043478,0.086956522,0.234271284,0.033333333,0.6,-0.125,-0.125,-0.125,0.066666667,0.033333333,0.433333333,0.033333333
99.0,10.0,0.0,0.0,0.0,0.0,0.0,0.0,0.0,1.0,0.0,6.0,0.0,0.0,0.0,0.0,0.0,0.0,-1.0,310.0,61.93166667,61500.0,843300.0,606716.6667,3470.715328,7024.20932,5350.82479,0.0,0.0,0.0,0.0,0.0,1.0,0.0,0.0,0.0,0.0,0.0,0.033334212,0.033656771,0.033333373,0.866341892,0.033333752,0.0,0.0,0.0,0.0,0.0,0.0,0.0,0.0,0.0,0.0,0.0,0.0,0.9,0.7,0.4,0.7
248.0,12.0,564.0,0.472727272,0.999999997,0.611111109,11.0,0.0,1.0,0.0,4.515957447,6.0,0.0,0.0,0.0,0.0,0.0,1.0,-1.0,1400.0,360.0,0.0,843300.0,188400.0,0.0,3586.956362,1762.743547,0.0,0.0,0.0,1.0,0.0,0.0,0.0,0.0,0.0,0.0,0.0,0.033337358,0.033337748,0.866653232,0.033335981,0.033335682,0.421824977,0.145867311,0.04787234,0.019503546,0.710526316,0.289473684,0.339868927,0.0625,1.0,-0.200378788,-0.6,-0.1,0.0,0.0,0.5,0.0
463.0,11.0,337.0,0.574850298,0.999999995,0.765624996,9.0,3.0,0.0,1.0,4.293768546,8.0,0.0,0.0,0.0,0.0,0.0,0.0,4.0,341.0,149.25,1000.0,843300.0,509812.5,656.5,7070.64488,3926.641522,707.0,2200.0,1260.333333,0.0,0.0,1.0,0.0,0.0,0.0,0.0,0.0,0.025027503,0.025016254,0.219647627,0.705278473,0.025030144,0.464164262,0.053059764,0.047477745,0.023738872,0.666666667,0.333333333,0.279261364,0.05,0.7,-0.334548611,-1.0,-0.033333333,1.0,-0.5,0.5,0.5
330.0,11.0,344.0,0.508982034,0.999999996,0.559999998,4.0,4.0,11.0,0.0,4.976744186,4.0,0.0,1.0,0.0,0.0,0.0,0.0,-1.0,475.0,118.0,210300.0,843300.0,483900.0,3164.383985,6463.977778,4109.953795,936.0,3400.0,1812.0,0.0,0.0,1.0,0.0,0.0,0.0,0.0,0.0,0.050003423,0.052203346,0.050214879,0.79757832,0.050000032,0.379606061,0.101324675,0.031976744,0.023255814,0.578947368,0.421052632,0.522396694,0.136363636,0.8,-0.325,-0.7,-0.125,0.0,0.0,0.5,0.0
423.0,10.0,477.0,0.526881719,0.999999997,0.685314683,7.0,4.0,0.0,0.0,4.901467505,9.0,0.0,0.0,0.0,0.0,1.0,0.0,4.0,401.0,109.5,0.0,843300.0,171455.5556,0.0,3722.547146,1946.624996,2100.0,2100.0,2100.0,1.0,0.0,0.0,0.0,0.0,0.0,0.0,0.0,0.022229841,0.022404304,0.022227008,0.133662596,0.799476251,0.481259534,0.114821171,0.052410901,0.023060797,0.694444444,0.305555556,0.324613853,0.033333333,0.75,-0.29025974,-0.7,-0.071428571,0.0,0.0,0.5,0.0
680.0,10.0,226.0,0.619909499,0.999999992,0.765624994,8.0,4.0,0.0,0.0,4.548672566,7.0,0.0,0.0,0.0,0.0,0.0,1.0,217.0,2200.0,728.0,2200.0,80400.0,40114.28571,1965.403315,4633.333333,2892.711506,6500.0,6500.0,6500.0,0.0,0.0,1.0,0.0,0.0,0.0,0.0,0.0,0.028972644,0.580955939,0.331555872,0.0291308,0.029384745,0.603333333,0.281969697,0.030973451,0.004424779,0.875,0.125,0.402813853,0.136363636,0.6,-0.125,-0.125,-0.125,0.75,0.4,0.25,0.4
550.0,9.0,268.0,0.656716415,0.999999994,0.831168826,8.0,3.0,0.0,3.0,4.194029851,10.0,0.0,0.0,0.0,0.0,0.0,0.0,4.0,1400.0,460.5714286,0.0,843300.0,368900.0,0.0,5689.384279,2621.694227,3800.0,3800.0,3800.0,0.0,0.0,0.0,0.0,0.0,0.0,1.0,1.0,0.820682895,0.020226008,0.117828876,0.021211727,0.020050494,0.516343119,0.101665088,0.059701493,0.041044776,0.592592593,0.407407407,0.388920455,0.1,1.0,-0.251767677,-0.6,-0.05,0.9,0.5,0.4,0.5
644.0,8.0,184.0,0.652173909,0.99999999,0.790476183,3.0,3.0,0.0,1.0,4.690217391,7.0,0.0,0.0,0.0,0.0,1.0,0.0,4.0,849.0,433.2857143,3800.0,617900.0,118200.0,2509.8,5613.606061,3427.233199,1300.0,1500.0,1366.666667,0.0,0.0,0.0,1.0,0.0,0.0,0.0,0.0,0.028670608,0.02857531,0.028647613,0.028571712,0.885534756,0.470862471,0.130681818,0.038043478,0.016304348,0.7,0.3,0.306623377,0.1,0.5,-0.1125,-0.1875,-0.05,0.0,0.0,0.5,0.0
596.0,13.0,1832.0,0.363283416,0.999999999,0.516894977,7.0,7.0,16.0,1.0,4.612991266,6.0,0.0,1.0,0.0,0.0,0.0,0.0,4.0,1100.0,410.1666667,5000.0,690400.0,148516.6667,2034.475728,3356.796676,2765.498939,1100.0,5000.0,2157.142857,0.0,0.0,1.0,0.0,0.0,0.0,0.0,0.0,0.033545952,0.865895765,0.03333362,0.03340152,0.033823143,0.426482961,0.16095918,0.049126638,0.010917031,0.818181818,0.181818182,0.311552309,0.033333333,1.0,-0.27093254,-1.0,-0.05,0.454545455,0.136363636,0.045454545,0.136363636
550.0,10.0,1110.0,0.370909091,0.999999998,0.569230768,15.0,0.0,1.0,0.0,4.192792793,5.0,0.0,0.0,1.0,0.0,0.0,0.0,4.0,2000.0,580.0,7300.0,843300.0,365960.0,2209.583333,27557.14286,7920.734413,0.0,0.0,0.0,0.0,0.0,0.0,0.0,0.0,0.0,1.0,1.0,0.839999444,0.040000249,0.040000111,0.040000114,0.040000082,0.491188047,0.174952219,0.047747748,0.01981982,0.706666667,0.293333333,0.438171608,0.1,1.0,-0.259469697,-1.0,-0.125,0.3,1.0,0.2,1.0
412.0,13.0,111.0,0.768518511,0.999999984,0.953124985,5.0,4.0,0.0,1.0,4.279279279,10.0,0.0,0.0,0.0,0.0,0.0,0.0,4.0,2000.0,428.6666667,0.0,843300.0,359140.0,0.0,8376.266667,4681.289256,1100.0,6700.0,3900.0,0.0,0.0,0.0,0.0,1.0,0.0,0.0,0.0,0.220367348,0.020132056,0.020000328,0.719499743,0.020000526,0.658926932,0.302715466,0.072072072,0.009009009,0.888888889,0.111111111,0.447483766,0.136363636,1.0,-0.25,-0.25,-0.25,0.0,0.0,0.5,0.0
698.0,16.0,178.0,0.668539322,0.99999999,0.769999992,3.0,1.0,0.0,2.0,4.286516854,6.0,0.0,0.0,0.0,0.0,0.0,0.0,217.0,460.0,338.6666667,5900.0,69100.0,39250.0,2150.184211,3467.785714,2726.001941,0.0,0.0,0.0,0.0,0.0,0.0,0.0,0.0,1.0,0.0,1.0,0.03340945,0.033428077,0.03335174,0.866473695,0.033337037,0.5225,0.243333333,0.06741573,0.011235955,0.857142857,0.142857143,0.340277778,0.1,0.7,-0.108333333,-0.166666667,-0.05,0.425,0.125,0.075,0.125
70.0,11.0,0.0,0.0,0.0,0.0,0.0,0.0,0.0,1.0,0.0,7.0,0.0,0.0,0.0,0.0,0.0,0.0,-1.0,880.0,125.2271429,24400.0,843300.0,521571.4286,3443.263725,7232.5,5292.40982,0.0,0.0,0.0,0.0,0.0,0.0,1.0,0.0,0.0,0.0,0.0,0.028571913,0.241691095,0.028571698,0.672593654,0.02857164,0.0,0.0,0.0,0.0,0.0,0.0,0.0,0.0,0.0,0.0,0.0,0.0,0.0,0.0,0.5,0.0
46.0,9.0,1029.0,0.438469493,0.999999998,0.643784785,6.0,1.0,1.0,0.0,4.439261419,5.0,0.0,0.0,0.0,0.0,0.0,1.0,-1.0,8000.0,1748.2,6600.0,843300.0,323440.0,2167.419186,8000.0,3749.563452,4700.0,4700.0,4700.0,0.0,0.0,0.0,0.0,0.0,0.0,1.0,1.0,0.240041369,0.238911859,0.441037123,0.040003179,0.040006469,0.44204699,0.172050134,0.060252672,0.017492711,0.775,0.225,0.381440092,0.033333333,1.0,-0.270679012,-0.5,-0.1,0.833333333,0.333333333,0.333333333,0.333333333
346.0,12.0,1549.0,0.385862516,0.999999999,0.57762557,4.0,2.0,3.0,2.0,4.240154939,7.0,0.0,0.0,0.0,0.0,1.0,0.0,-1.0,521.0,152.8333333,0.0,843300.0,162600.0,0.0,3574.804905,2460.722343,1200.0,1200.0,1200.0,1.0,0.0,0.0,0.0,0.0,0.0,0.0,0.0,0.028575161,0.028634154,0.028580309,0.028574483,0.885635892,0.473118039,0.120857776,0.05551969,0.024531956,0.693548387,0.306451613,0.414009363,0.1,1.0,-0.283422097,-0.8,-0.05,1.0,0.5,0.5,0.5
347.0,11.0,225.0,0.565022419,0.999999993,0.597315432,11.0,2.0,11.0,2.0,4.844444444,10.0,0.0,0.0,0.0,0.0,0.0,0.0,-1.0,832.0,302.9,832.0,843300.0,264443.2,832.0,16349.76471,5847.9146,2500.0,2500.0,2500.0,0.0,0.0,0.0,0.0,0.0,0.0,1.0,1.0,0.020000515,0.020016963,0.02000031,0.919975047,0.020007165,0.628529657,-0.093068609,0.017777778,0.044444444,0.285714286,0.714285714,0.5875,0.25,1.0,-0.397003968,-1.0,-0.071428571,0.0,0.0,0.5,0.0
473.0,10.0,1352.0,0.407267221,0.999999999,0.579214194,43.0,4.0,16.0,0.0,4.73964497,10.0,0.0,0.0,0.0,0.0,0.0,1.0,4.0,534.0,182.5555556,0.0,843300.0,210380.0,0.0,3790.922727,2387.383514,874.0,2500.0,1687.0,0.0,0.0,0.0,0.0,0.0,0.0,1.0,1.0,0.020002978,0.020001868,0.481154168,0.020567685,0.458273301,0.442557877,0.208853755,0.042899408,0.01183432,0.783783784,0.216216216,0.421789446,0.033333333,1.0,-0.348958333,-1.0,-0.05,0.1,0.0,0.4,0.0
71.0,11.0,344.0,0.527859236,0.999999995,0.683417082,6.0,3.0,2.0,1.0,4.627906977,7.0,0.0,0.0,0.0,0.0,1.0,0.0,-1.0,566.0,162.0,0.0,843300.0,322885.7143,0.0,3446.075532,2437.672005,2500.0,2700.0,2600.0,0.0,0.0,1.0,0.0,0.0,0.0,0.0,0.0,0.029658445,0.028582171,0.317471398,0.029228438,0.595059548,0.42708537,0.041951776,0.031976744,0.020348837,0.611111111,0.388888889,0.342975207,0.136363636,0.6,-0.296031746,-0.6,-0.125,1.0,1.0,0.5,1.0
449.0,11.0,397.0,0.589743588,0.999999996,0.785714282,10.0,1.0,1.0,0.0,4.906801008,8.0,0.0,0.0,1.0,0.0,0.0,0.0,4.0,531.0,156.7142857,0.0,843300.0,278075.0,0.0,3270.328124,1741.771239,512.0,512.0,512.0,0.0,0.0,1.0,0.0,0.0,0.0,0.0,0.0,0.374109783,0.149671237,0.426217343,0.025000394,0.025001244,0.555025253,0.204785354,0.042821159,0.010075567,0.80952381,0.19047619,0.39741533,0.1,0.6,-0.153125,-0.2,-0.1,0.227272727,0.068181818,0.272727273,0.068181818
653.0,8.0,178.0,0.585227269,0.999999991,0.649572644,11.0,2.0,8.0,1.0,5.061797753,5.0,0.0,0.0,0.0,0.0,0.0,0.0,217.0,426.0,341.0,14800.0,617900.0,497280.0,2225.291139,6848.850829,4340.493112,1100.0,2000.0,1550.0,0.0,1.0,0.0,0.0,0.0,0.0,0.0,0.0,0.040000155,0.040020735,0.040000055,0.839979003,0.040000052,0.362554113,0.151623377,0.02247191,0.005617978,0.8,0.2,0.309090909,0.1,0.7,-0.25,-0.25,-0.25,0.0,0.0,0.5,0.0
145.0,11.0,353.0,0.536931817,0.999999996,0.674008808,1.0,1.0,1.0,0.0,4.76203966,8.0,0.0,1.0,0.0,0.0,0.0,0.0,-1.0,800.0,312.5714286,0.0,843300.0,200475.0,0.0,9366.2,4116.923542,1200.0,1200.0,1200.0,0.0,0.0,0.0,0.0,0.0,1.0,0.0,1.0,0.025002427,0.777216449,0.147544725,0.025235263,0.025001135,0.524819625,0.232861841,0.087818697,0.028328612,0.756097561,0.243902439,0.40021645,0.136363636,0.8,-0.250793651,-0.7,-0.071428571,0.683333333,0.15,0.183333333,0.15
434.0,7.0,154.0,0.599999996,0.999999988,0.71764705,5.0,3.0,1.0,0.0,4.506493506,6.0,0.0,0.0,0.0,0.0,1.0,0.0,4.0,484.0,148.6666667,8800.0,843300.0,189466.6667,2525.818182,3286.750779,2928.013054,1300.0,3100.0,2200.0,0.0,0.0,0.0,1.0,0.0,0.0,0.0,0.0,0.033485867,0.033340301,0.211707182,0.033334048,0.688132601,0.4082211,0.09400954,0.064935065,0.006493506,0.909090909,0.090909091,0.214772727,0.1,0.5,-0.155555556,-0.155555556,-0.155555556,0.0,0.0,0.5,0.0
548.0,9.0,2429.0,0.328234808,0.999999999,0.491584852,76.0,20.0,41.0,0.0,4.682585426,6.0,0.0,0.0,0.0,1.0,0.0,0.0,4.0,774.0,390.6666667,2900.0,843300.0,166750.0,1537.428571,3779.392345,3176.622633,309.0,53100.0,7195.444444,0.0,1.0,0.0,0.0,0.0,0.0,0.0,0.0,0.034357262,0.033676412,0.863587375,0.035008523,0.033370428,0.562399645,0.196504456,0.057225196,0.024701523,0.698492462,0.301507538,0.465783192,0.0625,1.0,-0.228863197,-0.8,-0.05,0.7,0.175,0.2,0.175
422.0,10.0,1135.0,0.46690203,0.999999998,0.682926828,12.0,10.0,1.0,1.0,4.498678414,10.0,0.0,1.0,0.0,0.0,0.0,0.0,4.0,538.0,264.5555556,0.0,843300.0,211190.0,0.0,5229.2,2594.307456,707.0,1200.0,953.5,0.0,1.0,0.0,0.0,0.0,0.0,0.0,0.0,0.198309828,0.55332945,0.020001438,0.208154191,0.020205091,0.530936713,0.076136202,0.065198238,0.03876652,0.627118644,0.372881356,0.396291681,0.1,1.0,-0.39927399,-1.0,-0.05,0.717857143,-0.107142857,0.217857143,0.107142857
665.0,7.0,1270.0,0.363349131,0.999999999,0.54019746,13.0,9.0,1.0,0.0,4.607086614,7.0,0.0,0.0,1.0,0.0,0.0,0.0,217.0,843.0,430.1666667,0.0,617900.0,140928.5714,0.0,5165.608696,2713.85681,624.0,13900.0,3795.0,0.0,0.0,0.0,1.0,0.0,0.0,0.0,0.0,0.604411445,0.031063582,0.029024494,0.028575184,0.306925295,0.381220169,0.156795461,0.04488189,0.015748031,0.74025974,0.25974026,0.346080163,0.0625,0.6,-0.172777778,-0.5,-0.05,0.454545455,0.136363636,0.045454545,0.136363636
637.0,7.0,2197.0,0.333333333,0.999999999,0.493798449,70.0,21.0,32.0,0.0,4.678652708,6.0,0.0,0.0,0.0,1.0,0.0,0.0,4.0,2300.0,824.1666667,1100.0,617900.0,125133.3333,1100.0,4542.304348,3483.342853,309.0,53100.0,7406.555556,0.0,0.0,0.0,1.0,0.0,0.0,0.0,0.0,0.034356862,0.033676176,0.864026688,0.034588319,0.033351955,0.558822043,0.189686583,0.055985435,0.023213473,0.706896552,0.293103448,0.442842097,0.0625,1.0,-0.237224676,-0.8,-0.05,0.55,0.25,0.05,0.25
48.0,11.0,656.0,0.522411127,0.999999997,0.702290075,10.0,0.0,1.0,0.0,4.635670732,8.0,0.0,1.0,0.0,0.0,0.0,0.0,-1.0,763.0,296.1428571,0.0,843300.0,162300.0,0.0,3760.400401,2489.238176,0.0,0.0,0.0,0.0,0.0,0.0,0.0,1.0,0.0,0.0,0.0,0.025000436,0.899962171,0.025000345,0.025036848,0.0250002,0.489956212,0.067315271,0.041158537,0.021341463,0.658536585,0.341463415,0.362477954,0.1,0.9,-0.249702381,-1.0,-0.1,0.0,0.0,0.5,0.0
37.0,9.0,1104.0,0.528301886,0.999999999,0.676229507,36.0,19.0,12.0,1.0,4.730072464,7.0,0.0,0.0,0.0,0.0,0.0,0.0,-1.0,3000.0,707.2857143,5800.0,843300.0,288814.2857,3413.509514,8208.333333,5276.373621,1000.0,20700.0,10250.0,0.0,1.0,0.0,0.0,0.0,0.0,0.0,0.0,0.028603385,0.028579397,0.028579542,0.885666138,0.028571538,0.460577965,0.106939606,0.047101449,0.020833333,0.693333333,0.306666667,0.370520937,0.033333333,1.0,-0.350603865,-0.8,-0.1,0.0,0.0,0.5,0.0
281.0,8.0,814.0,0.451053283,0.999999998,0.600401605,15.0,4.0,1.0,1.0,4.954545455,7.0,1.0,0.0,0.0,0.0,0.0,0.0,-1.0,1000.0,293.0,0.0,843300.0,212685.7143,0.0,5115.388889,3448.680075,2700.0,8700.0,5700.0,0.0,0.0,1.0,0.0,0.0,0.0,0.0,0.0,0.233606244,0.028580996,0.028573514,0.028882744,0.680356502,0.48478355,0.179101732,0.042997543,0.011056511,0.795454545,0.204545455,0.385731293,0.033333333,0.9,-0.216666667,-0.5,-0.1,0.5,0.5,0.0,0.5
692.0,11.0,249.0,0.620833331,0.999999993,0.78231292,6.0,3.0,1.0,0.0,4.871485944,8.0,0.0,0.0,0.0,1.0,0.0,0.0,217.0,1100.0,567.7142857,0.0,69100.0,30762.5,0.0,6839.65,3080.669039,8600.0,8600.0,8600.0,0.0,0.0,0.0,0.0,1.0,0.0,0.0,0.0,0.764129601,0.025017029,0.160490913,0.025358007,0.02500445,0.475,0.16969697,0.084337349,0.024096386,0.777777778,0.222222222,0.323809524,0.033333333,0.6,-0.233333333,-0.4,-0.125,0.483333333,0.316666667,0.016666667,0.316666667
555.0,7.0,1752.0,0.445083381,0.999999999,0.627164995,4.0,3.0,98.0,1.0,4.457191781,5.0,0.0,0.0,0.0,0.0,0.0,0.0,4.0,400.0,123.0,0.0,690400.0,390280.0,0.0,4874.508333,3470.620314,3300.0,4200.0,3750.0,0.0,1.0,0.0,0.0,0.0,0.0,0.0,0.0,0.238952894,0.247098261,0.040001101,0.433946881,0.040000862,0.495621309,0.157315596,0.047945205,0.020547945,0.7,0.3,0.400191971,0.05,1.0,-0.30316358,-1.0,-0.033333333,0.0,0.0,0.5,0.0
462.0,9.0,245.0,0.632653059,0.999999993,0.764705877,3.0,2.0,0.0,1.0,5.102040816,8.0,0.0,0.0,0.0,0.0,1.0,0.0,4.0,525.0,161.1666667,0.0,843300.0,137675.0,0.0,3501.065421,2186.606677,1800.0,1800.0,1800.0,0.0,0.0,0.0,1.0,0.0,0.0,0.0,0.0,0.025009998,0.271265676,0.154380662,0.025007201,0.524336462,0.36531746,0.169761905,0.044897959,0.008163265,0.846153846,0.153846154,0.306493506,0.1,0.6,-0.1875,-0.25,-0.125,0.125,0.0,0.375,0.0
119.0,10.0,1185.0,0.415875755,0.999999999,0.590574373,13.0,1.0,1.0,1.0,4.95443038,4.0,0.0,0.0,0.0,0.0,0.0,1.0,-1.0,620.0,154.25,1200.0,843300.0,263400.0,883.4285714,3483.92786,2230.207837,502.0,502.0,502.0,0.0,0.0,0.0,1.0,0.0,0.0,0.0,0.0,0.05000189,0.299804538,0.550187095,0.050000505,0.050005972,0.444369369,-0.037496587,0.020253165,0.027848101,0.421052632,0.578947368,0.282209596,0.05,0.666666667,-0.315993266,-0.75,-0.033333333,0.833333333,0.083333333,0.333333333,0.083333333
721.0,13.0,258.0,0.591999998,0.999999994,0.730769226,8.0,4.0,1.0,0.0,4.988372093,3.0,0.0,0.0,1.0,0.0,0.0,0.0,217.0,2600.0,1057.0,4900.0,51900.0,20866.66667,1486.928571,4100.0,2726.085198,1400.0,3900.0,2775.0,0.0,0.0,0.0,1.0,0.0,0.0,0.0,0.0,0.730976051,0.06667681,0.067085366,0.068593032,0.066668741,0.446406926,0.057922078,0.034883721,0.031007752,0.529411765,0.470588235,0.338299663,0.136363636,0.7,-0.219791667,-0.8,-0.1,0.6,-0.133333333,0.1,0.133333333
702.0,11.0,584.0,0.59435626,0.999999997,0.777777776,15.0,2.0,0.0,11.0,4.577054795,7.0,0.0,0.0,0.0,0.0,0.0,0.0,217.0,340.0,298.6,0.0,69100.0,28628.57143,0.0,2905.496504,1690.222576,1200.0,1200.0,1200.0,0.0,1.0,0.0,0.0,0.0,0.0,0.0,0.0,0.028660686,0.02866775,0.257727675,0.656330023,0.028613866,0.614008942,0.166014655,0.063356164,0.011986301,0.840909091,0.159090909,0.375884521,0.05,1.0,-0.360119048,-0.625,-0.125,0.75,0.32,0.25,0.32
607.0,9.0,455.0,0.463414633,0.999999996,0.599264704,9.0,4.0,7.0,0.0,4.516483516,8.0,0.0,0.0,0.0,0.0,1.0,0.0,4.0,851.0,375.625,5900.0,690400.0,148925.0,2161.378882,3406.558407,2784.483936,832.0,1600.0,1244.0,0.0,0.0,0.0,0.0,0.0,1.0,0.0,1.0,0.025019754,0.025000586,0.025003095,0.025000116,0.899976448,0.506119333,0.11306965,0.054945055,0.024175824,0.694444444,0.305555556,0.361324242,0.0625,1.0,-0.364646465,-0.5,-0.155555556,0.0,0.0,0.5,0.0
230.0,12.0,375.0,0.62096774,0.999999996,0.803571425,5.0,3.0,0.0,4.0,4.893333333,8.0,0.0,0.0,0.0,0.0,0.0,0.0,-1.0,1200.0,222.7985714,0.0,843300.0,444750.0,0.0,7315.044815,3899.175901,2100.0,2100.0,2100.0,0.0,0.0,0.0,0.0,1.0,0.0,0.0,0.0,0.025217109,0.025150246,0.025024345,0.899576281,0.025032019,0.491991758,0.144581807,0.042666667,0.021333333,0.666666667,0.333333333,0.420454545,0.1,0.8,-0.182217262,-0.3125,-0.125,1.0,0.85,0.5,0.85
176.0,10.0,313.0,0.624595467,0.999999995,0.778378374,4.0,2.0,2.0,0.0,4.651757189,5.0,0.0,1.0,0.0,0.0,0.0,0.0,-1.0,1700.0,370.6,1700.0,843300.0,293300.0,1700.0,4580.167364,3375.951016,556.0,1700.0,1128.0,0.0,0.0,1.0,0.0,0.0,0.0,0.0,0.0,0.040002378,0.502181526,0.040001182,0.377813804,0.040001109,0.513043478,0.016304348,0.031948882,0.031948882,0.5,0.5,0.5,0.1,1.0,-0.489166667,-1.0,-0.125,0.6,-0.3,0.1,0.3
231.0,10.0,215.0,0.563157892,0.999999993,0.620689651,26.0,2.0,24.0,0.0,4.990697674,8.0,0.0,0.0,0.0,0.0,0.0,0.0,-1.0,330.0,124.6666667,0.0,843300.0,279350.0,0.0,8085.90109,3677.802591,3300.0,3300.0,3300.0,0.0,0.0,0.0,1.0,0.0,0.0,0.0,0.0,0.025005515,0.025062594,0.149811374,0.775118585,0.025001931,0.567899492,0.279169019,0.069767442,0.03255814,0.681818182,0.318181818,0.545281385,0.136363636,1.0,-0.308333333,-0.6,-0.008333333,0.3,0.2,0.2,0.2
384.0,13.0,352.0,0.580459768,0.999999995,0.752380949,6.0,1.0,1.0,0.0,4.869318182,10.0,0.0,0.0,0.0,0.0,0.0,1.0,-1.0,585.0,245.4444444,0.0,843300.0,200480.0,0.0,4670.362069,2564.385177,2900.0,2900.0,2900.0,0.0,0.0,0.0,0.0,1.0,0.0,0.0,0.0,0.147453913,0.020009762,0.791852749,0.02012033,0.020563246,0.345821462,0.040123457,0.022727273,0.019886364,0.533333333,0.466666667,0.4,0.1,0.8,-0.245238095,-0.5,-0.1,0.0,0.0,0.5,0.0
303.0,13.0,0.0,0.0,0.0,0.0,0.0,0.0,15.0,0.0,0.0,5.0,0.0,1.0,0.0,0.0,0.0,0.0,-1.0,3100.0,702.4,3100.0,843300.0,387740.0,3032.93328,4689.811404,3529.240445,0.0,0.0,0.0,0.0,1.0,0.0,0.0,0.0,0.0,0.0,0.0,0.239040751,0.041834381,0.040173213,0.638950425,0.040001228,0.0,0.0,0.0,0.0,0.0,0.0,0.0,0.0,0.0,0.0,0.0,0.0,0.9,0.6,0.4,0.6
506.0,9.0,518.0,0.458498023,0.999999997,0.588235292,10.0,0.0,1.0,0.0,4.318532819,7.0,0.0,0.0,0.0,0.0,0.0,1.0,4.0,568.0,121.2857143,4800.0,843300.0,234414.2857,1419.74359,3248.573427,2390.484433,0.0,0.0,0.0,0.0,1.0,0.0,0.0,0.0,0.0,0.0,0.0,0.028571715,0.028571529,0.885712245,0.028571502,0.028573009,0.368173899,0.139075863,0.079150579,0.017374517,0.82,0.18,0.352861366,0.136363636,0.6,-0.223677249,-0.6,-0.071428571,0.5,0.3,0.0,0.3
168.0,11.0,421.0,0.607317072,0.999999996,0.785992215,11.0,1.0,3.0,1.0,4.790973872,9.0,0.0,0.0,0.0,0.0,0.0,1.0,-1.0,336.0,93.85714286,0.0,843300.0,214566.6667,0.0,4535.868594,2356.071631,971.0,971.0,971.0,0.0,0.0,0.0,1.0,0.0,0.0,0.0,0.0,0.357614703,0.451830349,0.14555595,0.022320792,0.022678206,0.557295174,0.03305275,0.033254157,0.019002375,0.636363636,0.363636364,0.29469697,0.033333333,0.7,-0.416666667,-1.0,-0.05,0.0,0.0,0.5,0.0
590.0,9.0,109.0,0.714285707,0.999999984,0.868852445,2.0,0.0,0.0,1.0,4.605504587,7.0,0.0,0.0,0.0,0.0,0.0,0.0,4.0,594.0,293.8,0.0,690400.0,277700.0,0.0,4945.277647,2672.89498,0.0,0.0,0.0,0.0,1.0,0.0,0.0,0.0,0.0,0.0,0.0,0.028617597,0.555259171,0.028643651,0.358905598,0.028573983,0.5625,-0.13125,0.018348624,0.04587156,0.285714286,0.714285714,0.35,0.2,0.5,-0.33,-0.4,-0.05,1.0,0.0,0.5,0.0
204.0,12.0,421.0,0.516209475,0.999999996,0.574999998,19.0,1.0,1.0,2.0,5.047505938,6.0,0.0,0.0,0.0,0.0,0.0,1.0,-1.0,954.0,231.5,2100.0,843300.0,250200.0,1590.8,3567.760761,2455.049624,0.0,0.0,0.0,0.0,0.0,1.0,0.0,0.0,0.0,0.0,0.0,0.033371609,0.298229112,0.601350774,0.033712811,0.033335693,0.329545455,-0.034090909,0.011876485,0.038004751,0.238095238,0.761904762,0.49,0.05,0.7,-0.204464286,-0.5,-0.071428571,0.0,0.0,0.5,0.0
596.0,10.0,1494.0,0.438824333,0.999999999,0.640606767,12.0,4.0,22.0,0.0,4.449129853,7.0,1.0,0.0,0.0,0.0,0.0,0.0,4.0,610.0,366.8571429,25300.0,690400.0,136142.8571,2801.637363,4764.7,3597.859076,6200.0,95900.0,43200.0,0.0,0.0,1.0,0.0,0.0,0.0,0.0,0.0,0.36805685,0.028598278,0.028656657,0.028826845,0.54586137,0.437130027,0.083653777,0.047523427,0.022088353,0.682692308,0.317307692,0.340250594,0.033333333,1.0,-0.342688793,-0.8,-0.05,0.033333333,0.016666667,0.466666667,0.016666667
450.0,12.0,236.0,0.626609439,0.999999993,0.792592587,2.0,1.0,1.0,0.0,4.478813559,10.0,0.0,0.0,0.0,0.0,0.0,1.0,4.0,548.0,220.5,1700.0,843300.0,169450.0,1045.0,3271.379184,2164.640379,0.0,0.0,0.0,0.0,1.0,0.0,0.0,0.0,0.0,0.0,0.0,0.106780788,0.020000467,0.833176751,0.020000288,0.020041705,0.414583333,0.084895833,0.016949153,0.008474576,0.666666667,0.333333333,0.55,0.35,0.75,-0.2625,-0.4,-0.125,0.441666667,0.3,0.058333333,0.3
246.0,9.0,209.0,0.611650482,0.999999991,0.739130428,2.0,1.0,1.0,0.0,4.612440191,5.0,0.0,0.0,0.0,0.0,0.0,1.0,-1.0,731.0,182.0,0.0,843300.0,321940.0,0.0,3591.895657,2123.752143,1700.0,1700.0,1700.0,0.0,0.0,1.0,0.0,0.0,0.0,0.0,0.0,0.040001463,0.040001517,0.839777336,0.04021702,0.040002663,0.431481481,0.154224537,0.033492823,0.019138756,0.636363636,0.363636364,0.4,0.1,0.7,-0.173263889,-0.25,-0.1,0.0,0.0,0.5,0.0
145.0,10.0,674.0,0.48125937,0.999999998,0.65185185,2.0,1.0,5.0,0.0,4.583086053,6.0,0.0,1.0,0.0,0.0,0.0,0.0,-1.0,463.0,123.2,0.0,843300.0,245216.6667,0.0,4002.049669,2604.848306,1100.0,1100.0,1100.0,0.0,0.0,0.0,0.0,0.0,1.0,0.0,1.0,0.033336789,0.269041711,0.033335305,0.630951241,0.033334955,0.385763889,0.118008207,0.041543027,0.011869436,0.777777778,0.222222222,0.371942641,0.033333333,1.0,-0.36875,-0.5,-0.25,1.0,0.5,0.5,0.5
675.0,10.0,179.0,0.699999996,0.999999989,0.884210517,1.0,1.0,0.0,1.0,4.279329609,8.0,0.0,0.0,1.0,0.0,0.0,0.0,217.0,3400.0,777.7142857,0.0,617900.0,106625.0,0.0,4950.0,2684.222319,6500.0,6500.0,6500.0,1.0,0.0,0.0,0.0,0.0,0.0,0.0,0.0,0.513182152,0.025303939,0.142989523,0.025478222,0.293046164,0.582756133,0.146248196,0.033519553,0.016759777,0.666666667,0.333333333,0.377380952,0.1,0.6,-0.218518519,-0.4,-0.1,0.15,-0.05,0.35,0.05
55.0,8.0,292.0,0.578947366,0.999999994,0.703910611,6.0,0.0,1.0,0.0,4.904109589,6.0,0.0,1.0,0.0,0.0,0.0,0.0,-1.0,323.0,83.4,0.0,843300.0,250033.3333,0.0,3657.70474,2698.359617,0.0,0.0,0.0,0.0,0.0,0.0,0.0,1.0,0.0,0.0,0.0,0.033336246,0.101058415,0.033335022,0.798935605,0.033334712,0.403333333,0.128030303,0.02739726,0.003424658,0.888888889,0.111111111,0.314204545,0.136363636,0.5,-0.4,-0.4,-0.4,0.0,0.0,0.5,0.0
148.0,10.0,257.0,0.57786885,0.999999993,0.739436615,8.0,7.0,2.0,1.0,4.435797665,6.0,0.0,0.0,1.0,0.0,0.0,0.0,-1.0,682.0,226.2,0.0,843300.0,275916.6667,0.0,3494.480327,2035.292592,877.0,13800.0,3750.8,0.0,0.0,1.0,0.0,0.0,0.0,0.0,0.0,0.71654912,0.033339443,0.033361387,0.033336138,0.183413913,0.462770563,0.061688312,0.035019455,0.019455253,0.642857143,0.357142857,0.235606061,0.1,0.5,-0.165,-0.2,-0.1,0.0,0.0,0.5,0.0
349.0,10.0,400.0,0.546599495,0.999999996,0.706140348,7.0,3.0,0.0,0.0,4.8425,9.0,0.0,0.0,0.0,0.0,0.0,1.0,-1.0,925.0,180.125,0.0,843300.0,118714.6667,0.0,3573.79004,1677.627353,5700.0,5700.0,5700.0,0.0,0.0,0.0,0.0,1.0,0.0,0.0,0.0,0.133437076,0.022229114,0.580733632,0.022226351,0.241373827,0.480376344,0.202956989,0.0425,0.0125,0.772727273,0.227272727,0.450980392,0.033333333,0.8,-0.285,-0.5,-0.125,0.375,0.4,0.125,0.4
394.0,11.0,647.0,0.510869564,0.999999997,0.712401054,4.0,3.0,1.0,0.0,5.088098918,8.0,0.0,0.0,0.0,0.0,0.0,1.0,-1.0,756.0,268.75,1300.0,843300.0,134612.5,1062.0,3456.896212,2113.682781,899.0,1300.0,1133.0,0.0,1.0,0.0,0.0,0.0,0.0,0.0,0.0,0.025000385,0.025000226,0.899955544,0.025000132,0.025043713,0.349995335,0.034814898,0.032457496,0.032457496,0.5,0.5,0.337878788,0.1,0.8,-0.194104308,-0.666666667,-0.071428571,0.0,0.0,0.5,0.0
386.0,8.0,126.0,0.707317067,0.999999988,0.792682917,2.0,2.0,7.0,1.0,4.698412698,8.0,0.0,0.0,0.0,0.0,0.0,0.0,-1.0,2600.0,497.5225,6300.0,843300.0,427350.0,2180.375,6900.167537,4380.229607,4200.0,4200.0,4200.0,0.0,0.0,1.0,0.0,0.0,0.0,0.0,0.0,0.025001077,0.276718103,0.025004467,0.646534839,0.026741514,0.672222222,0.031746032,0.055555556,0.03968254,0.583333333,0.416666667,0.473469388,0.1,1.0,-0.566666667,-0.7,-0.333333333,0.0,0.0,0.5,0.0
499.0,8.0,664.0,0.499189626,0.999999997,0.649214658,21.0,3.0,16.0,0.0,4.240963855,7.0,0.0,0.0,0.0,0.0,1.0,0.0,4.0,676.0,332.7142857,618.0,843300.0,184459.7143,618.0,3254.777732,2315.172812,759.0,759.0,759.0,0.0,1.0,0.0,0.0,0.0,0.0,0.0,0.0,0.028572255,0.123556748,0.028572153,0.02857172,0.790727124,0.563741703,0.311401876,0.060240964,0.013554217,0.816326531,0.183673469,0.448141234,0.1,1.0,-0.197839506,-0.4,-0.125,0.0,0.0,0.5,0.0
332.0,13.0,1330.0,0.479294478,0.999999999,0.67410161,38.0,5.0,10.0,6.0,4.551879699,8.0,0.0,1.0,0.0,0.0,0.0,0.0,-1.0,530.0,147.7725,12900.0,843300.0,378537.5,3017.105263,7582.438305,4581.535952,816.0,62900.0,24954.0,1.0,0.0,0.0,0.0,0.0,0.0,0.0,0.0,0.025000455,0.413101232,0.025000183,0.511897916,0.025000213,0.455486278,0.066426775,0.045864662,0.021804511,0.677777778,0.322222222,0.379115748,0.05,0.8,-0.365955644,-1.0,-0.125,0.7,-0.7,0.2,0.7
331.0,12.0,170.0,0.658682631,0.99999999,0.82178217,5.0,4.0,2.0,0.0,4.529411765,8.0,0.0,0.0,0.0,1.0,0.0,0.0,-1.0,644.0,305.5714286,0.0,843300.0,143925.0,0.0,4736.709091,2933.185633,1400.0,1400.0,1400.0,0.0,1.0,0.0,0.0,0.0,0.0,0.0,0.0,0.025533805,0.025001986,0.55321001,0.371248939,0.02500526,0.203067766,0.007738095,0.023529412,0.017647059,0.571428571,0.428571429,0.5,0.4,0.6,-0.146031746,-0.2,-0.071428571,0.0,0.0,0.5,0.0
120.0,16.0,1050.0,0.402710551,0.999999998,0.571906354,17.0,4.0,2.0,0.0,4.688571429,5.0,0.0,0.0,0.0,0.0,1.0,0.0,-1.0,1400.0,444.2,1400.0,843300.0,308480.0,1400.0,3483.53814,2494.647082,2500.0,9900.0,5850.0,0.0,0.0,1.0,0.0,0.0,0.0,0.0,0.0,0.040001677,0.040003056,0.538231223,0.040001147,0.341762897,0.408434874,0.035668768,0.027619048,0.019047619,0.591836735,0.408163265,0.283579639,0.05,0.5,-0.272916667,-1.0,-0.05,0.0,0.0,0.5,0.0
135.0,12.0,812.0,0.47667087,0.999999998,0.617021275,18.0,3.0,2.0,0.0,4.911330049,6.0,0.0,0.0,0.0,0.0,0.0,1.0,-1.0,1000.0,394.3333333,1600.0,843300.0,179616.6667,1350.0,4350.0,2685.736945,1000.0,1900.0,1600.0,0.0,1.0,0.0,0.0,0.0,0.0,0.0,0.0,0.033334437,0.033334247,0.866662179,0.03333388,0.033335257,0.494700008,0.038732057,0.028325123,0.024630542,0.534883721,0.465116279,0.320988142,0.1,1.0,-0.240416667,-0.7,-0.1,0.6,-0.1,0.1,0.1
